-- phpMyAdmin SQL Dump
-- version 5.2.0
-- https://www.phpmyadmin.net/
--
-- 主機： 127.0.0.1
-- 產生時間： 2023-03-28 11:43:50
-- 伺服器版本： 10.4.27-MariaDB
-- PHP 版本： 8.0.25

SET SQL_MODE = "NO_AUTO_VALUE_ON_ZERO";
START TRANSACTION;
SET time_zone = "+00:00";


/*!40101 SET @OLD_CHARACTER_SET_CLIENT=@@CHARACTER_SET_CLIENT */;
/*!40101 SET @OLD_CHARACTER_SET_RESULTS=@@CHARACTER_SET_RESULTS */;
/*!40101 SET @OLD_COLLATION_CONNECTION=@@COLLATION_CONNECTION */;
/*!40101 SET NAMES utf8mb4 */;

--
-- 資料庫： `kevin`
--

-- --------------------------------------------------------

--
-- 資料表結構 `admin`
--

CREATE TABLE `admin` (
  `sid` int(11) NOT NULL,
  `account` varchar(255) NOT NULL,
  `password` varchar(255) NOT NULL,
  `name` varchar(255) NOT NULL
) ENGINE=InnoDB DEFAULT CHARSET=utf8 COLLATE=utf8_general_ci;

--
-- 傾印資料表的資料 `admin`
--

INSERT INTO `admin` (`sid`, `account`, `password`, `name`) VALUES
(1, 'admin', '12345', 'JIM x GOD');

-- --------------------------------------------------------

--
-- 資料表結構 `collect`
--

CREATE TABLE `collect` (
  `collectSid` int(11) NOT NULL COMMENT '收藏編號',
  `membersid` int(11) NOT NULL COMMENT '會員編號',
  `gamesSid` int(11) NOT NULL COMMENT '遊戲編號',
  `storeSid` int(11) NOT NULL COMMENT '廠商編號',
  `reated_at` datetime NOT NULL DEFAULT current_timestamp() COMMENT '新增時間',
  `updated_at` datetime NOT NULL COMMENT '更新時間'
) ENGINE=InnoDB DEFAULT CHARSET=utf8mb4 COLLATE=utf8mb4_general_ci;

--
-- 傾印資料表的資料 `collect`
--

INSERT INTO `collect` (`collectSid`, `membersid`, `gamesSid`, `storeSid`, `reated_at`, `updated_at`) VALUES
(1, 10, 6, 4, '2023-03-02 16:25:11', '2023-03-02 16:22:54'),
(2, 16, 5, 1, '2023-03-03 10:19:41', '2023-03-03 10:19:02'),
(7, 362, 22, 7, '2023-03-21 15:23:12', '2023-03-21 15:23:12'),
(8, 362, 22, 7, '2023-03-21 15:24:33', '2023-03-21 15:24:33'),
(11, 362, 107, 36, '2023-03-21 15:43:47', '2023-03-21 15:43:47');

-- --------------------------------------------------------

--
-- 資料表結構 `comment`
--

CREATE TABLE `comment` (
  `sid` int(11) NOT NULL,
  `commentuser_id` int(11) NOT NULL,
  `games_id` int(11) NOT NULL,
  `rate` int(11) NOT NULL,
  `comment` varchar(255) NOT NULL,
  `pics` varchar(255) DEFAULT NULL,
  `create_at` datetime NOT NULL DEFAULT current_timestamp()
) ENGINE=InnoDB DEFAULT CHARSET=utf8mb4 COLLATE=utf8mb4_general_ci;

--
-- 傾印資料表的資料 `comment`
--

INSERT INTO `comment` (`sid`, `commentuser_id`, `games_id`, `rate`, `comment`, `pics`, `create_at`) VALUES
(1, 31, 1, 4, '這個好刺激', 'null', '2023-03-01 15:07:00'),
(2, 32, 1, 4, '工作室有水準', 'null', '2023-03-01 15:07:00'),
(3, 33, 1, 4, '我真的覺得還好', 'null', '2023-03-01 15:07:00'),
(4, 34, 1, 4, '不是吧，這也過不了', 'null', '2023-03-01 15:07:00'),
(5, 5, 5, 4, '故事有創意', 'null', '2023-03-01 15:07:00'),
(6, 1, 6, 4, '道具很用心', 'null', '2023-03-01 15:07:00'),
(7, 7, 7, 4, 'NPC嚇到我了', 'null', '2023-03-01 15:07:00'),
(8, 8, 8, 4, '我就是菜，你管我', 'null', '2023-03-01 15:07:00'),
(9, 9, 9, 4, '呵呵呵呵呵', 'null', '2023-03-01 15:07:00'),
(10, 10, 10, 4, '工作人員態度好差', 'null', '2023-03-01 15:07:00'),
(11, 11, 11, 4, '這個好刺激', 'null', '2023-03-01 15:07:00'),
(12, 12, 12, 4, '工作室有水準', 'null', '2023-03-01 15:07:00'),
(13, 13, 13, 4, '我真的覺得還好', 'null', '2023-03-01 15:07:00'),
(14, 14, 14, 4, '不是吧，這也過不了', 'null', '2023-03-01 15:07:00'),
(15, 15, 15, 4, '故事有創意', 'null', '2023-03-01 15:07:00'),
(16, 16, 16, 4, '道具很用心', 'null', '2023-03-01 15:07:00'),
(17, 17, 17, 4, 'NPC嚇到我了', 'null', '2023-03-01 15:07:00'),
(18, 18, 18, 4, '我就是菜，你管我', 'null', '2023-03-01 15:07:00'),
(19, 19, 19, 4, '呵呵呵呵呵', 'null', '2023-03-01 15:07:00'),
(20, 20, 20, 4, '工作人員態度好差', 'null', '2023-03-01 15:07:00'),
(21, 21, 21, 4, '這個好刺激', 'null', '2023-03-01 15:07:00'),
(22, 22, 22, 4, '工作室有水準', 'null', '2023-03-01 15:07:00'),
(23, 23, 23, 4, '我真的覺得還好', 'null', '2023-03-01 15:07:00'),
(24, 24, 24, 4, '不是吧，這也過不了', 'null', '2023-03-01 15:07:00'),
(25, 25, 25, 4, '故事有創意', 'null', '2023-03-01 15:07:00'),
(26, 26, 26, 4, '道具很用心', 'null', '2023-03-01 15:07:00'),
(27, 27, 27, 4, 'NPC嚇到我了', 'null', '2023-03-01 15:07:00'),
(28, 28, 6, 4, '我就是菜，你管我', 'null', '2023-03-01 15:07:00'),
(29, 29, 7, 4, '呵呵呵呵呵', 'null', '2023-03-01 15:07:00'),
(30, 30, 8, 4, '工作人員態度好差', 'null', '2023-03-01 15:07:00'),
(31, 31, 9, 4, '這個好刺激', 'null', '2023-03-01 15:07:00'),
(32, 32, 10, 4, '工作室有水準', 'null', '2023-03-01 15:07:00'),
(33, 33, 11, 4, '我真的覺得還好', 'null', '2023-03-01 15:07:00'),
(34, 34, 12, 4, '不是吧，這也過不了', 'null', '2023-03-01 15:07:00'),
(35, 35, 13, 4, '故事有創意', 'null', '2023-03-01 15:07:00'),
(36, 36, 14, 4, '道具很用心', 'null', '2023-03-01 15:07:00'),
(37, 37, 15, 4, 'NPC嚇到我了', 'null', '2023-03-01 15:07:00'),
(38, 38, 38, 4, '我就是菜，你管我', 'null', '2023-03-01 15:07:00'),
(39, 39, 1, 4, '呵呵呵呵呵', 'null', '2023-03-01 15:07:00'),
(40, 40, 40, 4, '工作人員態度好差', 'null', '2023-03-01 15:07:00'),
(41, 41, 41, 4, '這個好刺激', 'null', '2023-03-01 15:07:00'),
(42, 42, 42, 4, '工作室有水準', 'null', '2023-03-01 15:07:00'),
(43, 43, 43, 4, '我真的覺得還好', 'null', '2023-03-01 15:07:00'),
(44, 44, 1, 4, '不是吧，這也過不了', 'null', '2023-03-01 15:07:00'),
(45, 45, 45, 4, '故事有創意', 'null', '2023-03-01 15:07:00'),
(46, 46, 46, 4, '道具很用心', 'null', '2023-03-01 15:07:00'),
(47, 47, 47, 4, 'NPC嚇到我了', 'null', '2023-03-01 15:07:00'),
(48, 48, 1, 4, '我就是菜，你管我', 'null', '2023-03-01 15:07:00'),
(49, 49, 49, 4, '呵呵呵呵呵', 'null', '2023-03-01 15:07:00'),
(50, 50, 50, 4, '工作人員態度好差', 'null', '2023-03-01 15:07:00'),
(51, 51, 51, 4, '這個好刺激', 'null', '2023-03-01 15:07:00'),
(52, 52, 52, 4, '工作室有水準', 'null', '2023-03-01 15:07:00'),
(53, 53, 53, 4, '我真的覺得還好', 'null', '2023-03-01 15:07:00'),
(54, 54, 54, 4, '不是吧，這也過不了', 'null', '2023-03-01 15:07:00'),
(55, 55, 1, 4, '故事有創意', 'null', '2023-03-01 15:07:00'),
(56, 56, 56, 4, '道具很用心', 'null', '2023-03-01 15:07:00'),
(57, 57, 57, 4, 'NPC嚇到我了', 'null', '2023-03-01 15:07:00'),
(58, 58, 58, 4, '我就是菜，你管我', 'null', '2023-03-01 15:07:00'),
(59, 59, 59, 4, '呵呵呵呵呵', 'null', '2023-03-01 15:07:00'),
(60, 60, 2, 4, '工作人員態度好差', 'null', '2023-03-01 15:07:00'),
(61, 61, 61, 4, '這個好刺激', 'null', '2023-03-01 15:07:00'),
(62, 62, 62, 4, '工作室有水準', 'null', '2023-03-01 15:07:00'),
(63, 63, 63, 4, '我真的覺得還好', 'null', '2023-03-01 15:07:00'),
(64, 64, 64, 4, '不是吧，這也過不了', 'null', '2023-03-01 15:07:00'),
(65, 65, 2, 4, '故事有創意', 'null', '2023-03-01 15:07:00'),
(66, 66, 66, 4, '道具很用心', 'null', '2023-03-01 15:07:00'),
(67, 67, 67, 4, 'NPC嚇到我了', 'null', '2023-03-01 15:07:00'),
(68, 68, 2, 4, '我就是菜，你管我', 'null', '2023-03-01 15:07:00'),
(69, 69, 69, 4, '呵呵呵呵呵', 'null', '2023-03-01 15:07:00'),
(70, 70, 70, 4, '工作人員態度好差', 'null', '2023-03-01 15:07:00'),
(71, 71, 71, 4, '這個好刺激', 'null', '2023-03-01 15:07:00'),
(72, 72, 72, 4, '工作室有水準', 'null', '2023-03-01 15:07:00'),
(73, 73, 73, 4, '我真的覺得還好', 'null', '2023-03-01 15:07:00'),
(74, 74, 74, 4, '不是吧，這也過不了', 'null', '2023-03-01 15:07:00'),
(75, 75, 75, 4, '故事有創意', 'null', '2023-03-01 15:07:00'),
(76, 76, 76, 4, '道具很用心', 'null', '2023-03-01 15:07:00'),
(77, 77, 77, 4, 'NPC嚇到我了', 'null', '2023-03-01 15:07:00'),
(78, 78, 3, 4, '我就是菜，你管我', 'null', '2023-03-01 15:07:00'),
(79, 79, 79, 4, '呵呵呵呵呵', 'null', '2023-03-01 15:07:00'),
(80, 80, 3, 4, '工作人員態度好差', 'null', '2023-03-01 15:07:00'),
(81, 81, 81, 4, '這個好刺激', 'null', '2023-03-01 15:07:00'),
(82, 82, 3, 4, '工作室有水準', 'null', '2023-03-01 15:07:00'),
(83, 83, 83, 4, '我真的覺得還好', 'null', '2023-03-01 15:07:00'),
(84, 84, 3, 4, '不是吧，這也過不了', 'null', '2023-03-01 15:07:00'),
(85, 85, 85, 4, '故事有創意', 'null', '2023-03-01 15:07:00'),
(86, 86, 86, 4, '道具很用心', 'null', '2023-03-01 15:07:00'),
(87, 87, 87, 4, 'NPC嚇到我了', 'null', '2023-03-01 15:07:00'),
(88, 88, 88, 4, '我就是菜，你管我', 'null', '2023-03-01 15:07:00'),
(89, 89, 89, 4, '呵呵呵呵呵', 'null', '2023-03-01 15:07:00'),
(90, 90, 3, 4, '工作人員態度好差', 'null', '2023-03-01 15:07:00'),
(91, 91, 91, 4, '這個好刺激', 'null', '2023-03-01 15:07:00'),
(92, 92, 92, 4, '工作室有水準', 'null', '2023-03-01 15:07:00'),
(93, 93, 93, 4, '我真的覺得還好', 'null', '2023-03-01 15:07:00'),
(94, 94, 94, 4, '不是吧，這也過不了', 'null', '2023-03-01 15:07:00'),
(95, 95, 4, 4, '故事有創意', 'null', '2023-03-01 15:07:00'),
(96, 96, 96, 4, '道具很用心', 'null', '2023-03-01 15:07:00'),
(97, 97, 97, 4, 'NPC嚇到我了', 'null', '2023-03-01 15:07:00'),
(98, 98, 4, 4, '我就是菜，你管我', 'null', '2023-03-01 15:07:00'),
(99, 99, 99, 4, '呵呵呵呵呵', 'null', '2023-03-01 15:07:00'),
(100, 100, 100, 4, '工作人員態度好差', 'null', '2023-03-01 15:07:00'),
(101, 101, 101, 4, '這個好刺激', 'null', '2023-03-01 15:07:00'),
(102, 102, 4, 4, '工作室有水準', 'null', '2023-03-01 15:07:00'),
(103, 103, 103, 4, '我真的覺得還好', 'null', '2023-03-01 15:07:00'),
(104, 104, 104, 4, '不是吧，這也過不了', 'null', '2023-03-01 15:07:00'),
(105, 105, 105, 4, '故事有創意', 'null', '2023-03-01 15:07:00'),
(106, 106, 106, 4, '道具很用心', 'null', '2023-03-01 15:07:00'),
(107, 107, 4, 4, 'NPC嚇到我了', 'null', '2023-03-01 15:07:00'),
(108, 108, 108, 4, '我就是菜，你管我', 'null', '2023-03-01 15:07:00'),
(109, 109, 4, 4, '呵呵呵呵呵', 'null', '2023-03-01 15:07:00'),
(110, 110, 110, 4, '工作人員態度好差', 'null', '2023-03-01 15:07:00'),
(111, 111, 4, 4, '這個好刺激', 'null', '2023-03-01 15:07:00'),
(112, 112, 112, 4, '工作室有水準', 'null', '2023-03-01 15:07:00'),
(113, 113, 4, 4, '我真的覺得還好', 'null', '2023-03-01 15:07:00'),
(114, 114, 114, 4, '不是吧，這也過不了', 'null', '2023-03-01 15:07:00'),
(115, 115, 115, 4, '故事有創意', 'null', '2023-03-01 15:07:00'),
(116, 116, 116, 4, '道具很用心', 'null', '2023-03-01 15:07:00'),
(117, 117, 5, 4, 'NPC嚇到我了', 'null', '2023-03-01 15:07:00'),
(118, 118, 118, 4, '我就是菜，你管我', 'null', '2023-03-01 15:07:00'),
(119, 119, 119, 4, '呵呵呵呵呵', 'null', '2023-03-01 15:07:00'),
(120, 120, 5, 4, '工作人員態度好差', 'null', '2023-03-01 15:07:00'),
(121, 121, 121, 4, '道具很用心', 'null', '2023-03-01 15:07:00'),
(122, 122, 5, 4, '工作人員態度好差', 'null', '2023-03-01 15:07:00'),
(133, 5, 3, 3, '我覺得沒很好玩欸還好吧～～', 'back-to-top.jpg', '2023-03-15 10:11:11'),
(135, 5, 3, 5, '很好笑欸，啊哈哈哈哈哈', 'panda1.webp', '2023-03-15 10:59:38'),
(136, 5, 3, 0, '來挑戰啊，不要害怕～～', 'xixi.jpg', '2023-03-15 11:03:06'),
(137, 5, 12, 0, '我覺得好像第一版本的比較好玩', 'dog1.jpg', '2023-03-15 11:03:36'),
(138, 5, 12, 4, '我覺得這一版本更好欸', 'panda1.webp', '2023-03-15 11:04:38'),
(139, 5, 12, 5, '真的超級好玩！！下次還要來', 'cat1.jpg', '2023-03-15 11:07:48'),
(140, 5, 1, 5, '哈哈哈哈哈哈哈哈哈哈', 'dog1.jpg', '2023-03-15 11:09:22'),
(141, 5, 23, 0, '天吶，樂高道具超可愛的！！', 'cat1.jpg', '2023-03-15 11:53:38'),
(144, 15, 3, 3, 'xixiixixiixixix', 'null', '2023-03-20 14:40:37'),
(149, 364, 1, 5, 'nice', '9066ad28-1834-464e-89b5-8fa4230820a1.jpg', '2023-03-23 14:36:17'),
(201, 1, 3, 3, '我打死你👾👾👾👾👾', 'b6409c2d-5899-42b1-be87-7424fd802c17.jpg', '2023-03-27 14:06:42'),
(204, 1, 3, 0, '😃123', 'e5da62a2-5c49-4451-a4d4-e682a70d30f4.png', '2023-03-28 17:40:48');

-- --------------------------------------------------------

--
-- 資料表結構 `comment_liked`
--

CREATE TABLE `comment_liked` (
  `likedsid` int(255) NOT NULL,
  `user_id` varchar(255) NOT NULL,
  `comment_id` varchar(255) NOT NULL,
  `likegames_id` int(255) NOT NULL,
  `liked` int(255) NOT NULL,
  `create_at` datetime NOT NULL DEFAULT current_timestamp()
) ENGINE=InnoDB DEFAULT CHARSET=utf8mb4 COLLATE=utf8mb4_general_ci;

--
-- 傾印資料表的資料 `comment_liked`
--

INSERT INTO `comment_liked` (`likedsid`, `user_id`, `comment_id`, `likegames_id`, `liked`, `create_at`) VALUES
(30, '5', '135', 3, 0, '2023-03-17 11:25:31'),
(34, '5', '68', 2, 1, '2023-03-17 11:33:05'),
(35, '5', '65', 2, 1, '2023-03-17 11:33:07'),
(79, '5', '147', 1, 1, '2023-03-17 14:24:17'),
(89, '15', '29', 7, 1, '2023-03-17 14:30:20'),
(108, '15', '1', 1, 1, '2023-03-17 14:39:25'),
(135, '5', '3', 3, 1, '2023-03-17 14:53:08'),
(150, '15', '144', 1, 0, '2023-03-17 15:11:00'),
(174, '15', '153', 1, 1, '2023-03-17 16:09:02'),
(176, '15', '142', 1, 0, '2023-03-17 16:09:11'),
(177, '15', '140', 1, 0, '2023-03-17 16:09:14'),
(178, '15', '55', 1, 1, '2023-03-17 16:09:16'),
(179, '15', '50', 1, 0, '2023-03-17 16:09:20'),
(180, '15', '48', 1, 0, '2023-03-17 16:09:22'),
(181, '15', '44', 1, 0, '2023-03-17 16:09:25'),
(183, '15', '39', 1, 0, '2023-03-17 16:09:29'),
(195, '5', '154', 1, 1, '2023-03-17 16:21:58'),
(202, '15', '3', 3, 1, '2023-03-17 16:23:10'),
(203, '15', '80', 3, 0, '2023-03-17 16:23:18'),
(204, '15', '78', 3, 0, '2023-03-17 16:23:21'),
(209, '5', '136', 3, 1, '2023-03-17 16:23:42'),
(215, '15', '135', 3, 0, '2023-03-17 16:24:25'),
(217, '15', '84', 3, 1, '2023-03-20 14:40:07'),
(218, '15', '82', 3, 1, '2023-03-20 14:40:12'),
(224, '15', '148', 35, 1, '2023-03-20 15:21:14'),
(246, '1', '194', 3, 1, '2023-03-27 14:22:54'),
(247, '1', '146', 3, 1, '2023-03-27 14:53:42'),
(248, '1', '201', 3, 1, '2023-03-27 14:54:39'),
(255, '1', '3', 1, 1, '2023-03-28 09:28:01');

-- --------------------------------------------------------

--
-- 資料表結構 `comment_ordered`
--

CREATE TABLE `comment_ordered` (
  `order_sid` int(11) NOT NULL,
  `user_id` int(11) NOT NULL,
  `game_id` int(11) NOT NULL,
  `rate` int(11) NOT NULL,
  `comment` varchar(255) NOT NULL,
  `create_at` datetime NOT NULL
) ENGINE=InnoDB DEFAULT CHARSET=utf8mb4 COLLATE=utf8mb4_general_ci;

--
-- 傾印資料表的資料 `comment_ordered`
--

INSERT INTO `comment_ordered` (`order_sid`, `user_id`, `game_id`, `rate`, `comment`, `create_at`) VALUES
(1677780068, 1, 193, 4, 'nice', '2023-03-23 10:05:23'),
(1679423946, 1, 2, 4, '票賣得很划算，遊戲精彩！', '2023-03-22 07:28:44'),
(1679424052, 1, 51, 5, 'nice', '2023-03-24 09:43:37'),
(1679424176, 1, 193, 5, 'hihi', '2023-03-23 10:13:23'),
(1679424232, 1, 51, 5, 'xixi', '2023-03-24 13:34:07'),
(1679424343, 1, 1, 4, '', '2023-03-27 04:40:35'),
(1679426178, 1, 1, 5, '12345', '2023-03-27 09:38:20'),
(1679426334, 1, 2, 5, '12345', '2023-03-27 09:38:33'),
(1679426945, 364, 62, 5, 'nice', '2023-03-23 12:10:18'),
(1679881031, 1, 1, 5, '123456', '2023-03-28 09:19:13');

-- --------------------------------------------------------

--
-- 資料表結構 `comment_replied`
--

CREATE TABLE `comment_replied` (
  `sid` int(11) NOT NULL,
  `replyuser_id` varchar(255) NOT NULL,
  `comment_id` int(255) NOT NULL,
  `replied_comment` varchar(255) NOT NULL,
  `replied_pics` varchar(255) DEFAULT NULL,
  `create_at` datetime NOT NULL DEFAULT current_timestamp() ON UPDATE current_timestamp()
) ENGINE=InnoDB DEFAULT CHARSET=utf8mb4 COLLATE=utf8mb4_general_ci;

--
-- 傾印資料表的資料 `comment_replied`
--

INSERT INTO `comment_replied` (`sid`, `replyuser_id`, `comment_id`, `replied_comment`, `replied_pics`, `create_at`) VALUES
(1, '34', 1, '我怎麼覺得還好', 'null', '2023-03-01 15:07:00'),
(2, '35', 2, '真的，超級有趣，下次再來', 'null', '2023-03-01 15:07:00'),
(3, '36', 3, '你眼睛業障太重了嗎？哪裡好笑', 'null', '2023-03-01 15:07:00'),
(4, '37', 4, '不會啊，我覺得有趣', 'null', '2023-03-01 15:07:00'),
(5, '38', 5, '聽說這遊戲很難？', 'null', '2023-03-01 15:07:00'),
(6, '39', 6, '我怎麼覺得還好', 'null', '2023-03-01 15:07:00'),
(7, '40', 7, '真的，超級有趣，下次再來', 'null', '2023-03-01 15:07:00'),
(8, '41', 8, '你眼睛業障太重了嗎？哪裡好笑', 'null', '2023-03-01 15:07:00'),
(9, '42', 9, '不會啊，我覺得有趣', 'null', '2023-03-01 15:07:00'),
(10, '43', 10, '聽說這遊戲很難？', 'null', '2023-03-01 15:07:00'),
(11, '44', 11, '我怎麼覺得還好', 'null', '2023-03-01 15:07:00'),
(12, '45', 12, '真的，超級有趣，下次再來', 'null', '2023-03-01 15:07:00'),
(13, '46', 13, '你眼睛業障太重了嗎？哪裡好笑', 'null', '2023-03-01 15:07:00'),
(14, '47', 14, '不會啊，我覺得有趣', 'null', '2023-03-01 15:07:00'),
(15, '48', 15, '聽說這遊戲很難？', 'null', '2023-03-01 15:07:00'),
(16, '49', 16, '我怎麼覺得還好', 'null', '2023-03-01 15:07:00'),
(17, '50', 17, '真的，超級有趣，下次再來', 'null', '2023-03-01 15:07:00'),
(18, '51', 18, '你眼睛業障太重了嗎？哪裡好笑', 'null', '2023-03-01 15:07:00'),
(19, '52', 19, '不會啊，我覺得有趣', 'null', '2023-03-01 15:07:00'),
(20, '53', 20, '聽說這遊戲很難？', 'null', '2023-03-01 15:07:00'),
(21, '54', 21, '我怎麼覺得還好', 'null', '2023-03-01 15:07:00'),
(22, '55', 22, '真的，超級有趣，下次再來', 'null', '2023-03-01 15:07:00'),
(23, '56', 23, '你眼睛業障太重了嗎？哪裡好笑', 'null', '2023-03-01 15:07:00'),
(24, '57', 24, '不會啊，我覺得有趣', 'null', '2023-03-01 15:07:00'),
(25, '58', 25, '聽說這遊戲很難？', 'null', '2023-03-01 15:07:00'),
(26, '59', 26, '我怎麼覺得還好', 'null', '2023-03-01 15:07:00'),
(27, '60', 27, '真的，超級有趣，下次再來', 'null', '2023-03-01 15:07:00'),
(28, '61', 28, '你眼睛業障太重了嗎？哪裡好笑', 'null', '2023-03-01 15:07:00'),
(29, '62', 29, '我怎麼覺得還好', 'null', '2023-03-01 15:07:00'),
(30, '63', 30, '真的，超級有趣，下次再來', 'null', '2023-03-01 15:07:00'),
(31, '64', 31, '你眼睛業障太重了嗎？哪裡好笑', 'null', '2023-03-01 15:07:00'),
(32, '65', 32, '不會啊，我覺得有趣', 'null', '2023-03-01 15:07:00'),
(33, '66', 33, '聽說這遊戲很難？', 'null', '2023-03-01 15:07:00'),
(34, '67', 34, '我怎麼覺得還好', 'null', '2023-03-01 15:07:00'),
(35, '68', 35, '真的，超級有趣，下次再來', 'null', '2023-03-01 15:07:00'),
(36, '69', 36, '你眼睛業障太重了嗎？哪裡好笑', 'null', '2023-03-01 15:07:00'),
(37, '70', 37, '不會啊，我覺得有趣', 'null', '2023-03-01 15:07:00'),
(38, '71', 38, '聽說這遊戲很難？', 'null', '2023-03-01 15:07:00'),
(39, '72', 39, '我怎麼覺得還好', 'null', '2023-03-01 15:07:00'),
(40, '73', 40, '真的，超級有趣，下次再來', 'null', '2023-03-01 15:07:00'),
(41, '74', 41, '你眼睛業障太重了嗎？哪裡好笑', 'null', '2023-03-01 15:07:00'),
(42, '75', 42, '不會啊，我覺得有趣', 'null', '2023-03-01 15:07:00'),
(43, '90', 43, '聽說這遊戲很難？', 'null', '2023-03-01 15:07:00'),
(44, '91', 44, '我怎麼覺得還好', 'null', '2023-03-01 15:07:00'),
(45, '92', 45, '真的，超級有趣，下次再來', 'null', '2023-03-01 15:07:00'),
(46, '93', 46, '你眼睛業障太重了嗎？哪裡好笑', 'null', '2023-03-01 15:07:00'),
(47, '94', 47, '我怎麼覺得還好', 'null', '2023-03-01 15:07:00'),
(48, '95', 48, '真的，超級有趣，下次再來', 'null', '2023-03-01 15:07:00'),
(49, '96', 49, '你眼睛業障太重了嗎？哪裡好笑', 'null', '2023-03-01 15:07:00'),
(50, '97', 50, '不會啊，我覺得有趣', 'null', '2023-03-01 15:07:00'),
(51, '98', 51, '聽說這遊戲很難？', 'null', '2023-03-01 15:07:00'),
(52, '99', 52, '我怎麼覺得還好', 'null', '2023-03-01 15:07:00'),
(53, '100', 53, '真的，超級有趣，下次再來', 'null', '2023-03-01 15:07:00'),
(54, '101', 54, '你眼睛業障太重了嗎？哪裡好笑', 'null', '2023-03-01 15:07:00'),
(55, '102', 55, '不會啊，我覺得有趣', 'null', '2023-03-01 15:07:00'),
(56, '103', 56, '聽說這遊戲很難？', 'null', '2023-03-01 15:07:00'),
(57, '104', 57, '我怎麼覺得還好', 'null', '2023-03-01 15:07:00'),
(58, '105', 58, '真的，超級有趣，下次再來', 'null', '2023-03-01 15:07:00'),
(59, '106', 59, '你眼睛業障太重了嗎？哪裡好笑', 'null', '2023-03-01 15:07:00'),
(60, '107', 60, '不會啊，我覺得有趣', 'null', '2023-03-01 15:07:00'),
(61, '108', 61, '聽說這遊戲很難？', 'null', '2023-03-01 15:07:00'),
(62, '109', 62, '我怎麼覺得還好', 'null', '2023-03-01 15:07:00'),
(63, '110', 63, '真的，超級有趣，下次再來', 'null', '2023-03-01 15:07:00'),
(64, '111', 64, '你眼睛業障太重了嗎？哪裡好笑', 'null', '2023-03-01 15:07:00'),
(65, '112', 65, '我怎麼覺得還好', 'null', '2023-03-01 15:07:00'),
(66, '113', 66, '真的，超級有趣，下次再來', 'null', '2023-03-01 15:07:00'),
(67, '114', 67, '你眼睛業障太重了嗎？哪裡好笑', 'null', '2023-03-01 15:07:00'),
(68, '115', 68, '不會啊，我覺得有趣', 'null', '2023-03-01 15:07:00'),
(69, '116', 69, '聽說這遊戲很難？', 'null', '2023-03-01 15:07:00'),
(70, '117', 70, '我怎麼覺得還好', 'null', '2023-03-01 15:07:00'),
(71, '118', 71, '真的，超級有趣，下次再來', 'null', '2023-03-01 15:07:00'),
(72, '119', 72, '你眼睛業障太重了嗎？哪裡好笑', 'null', '2023-03-01 15:07:00'),
(73, '120', 73, '不會啊，我覺得有趣', 'null', '2023-03-01 15:07:00'),
(74, '121', 74, '聽說這遊戲很難？', 'null', '2023-03-01 15:07:00'),
(75, '122', 75, '我怎麼覺得還好', 'null', '2023-03-01 15:07:00'),
(76, '123', 76, '真的，超級有趣，下次再來', 'null', '2023-03-01 15:07:00'),
(77, '124', 77, '你眼睛業障太重了嗎？哪裡好笑', 'null', '2023-03-01 15:07:00'),
(78, '125', 78, '不會啊，我覺得有趣', 'null', '2023-03-01 15:07:00'),
(79, '126', 79, '聽說這遊戲很難？', 'null', '2023-03-01 15:07:00'),
(80, '127', 80, '我怎麼覺得還好', 'null', '2023-03-01 15:07:00'),
(81, '128', 81, '真的，超級有趣，下次再來', 'null', '2023-03-01 15:07:00'),
(82, '129', 82, '你眼睛業障太重了嗎？哪裡好笑', 'null', '2023-03-01 15:07:00'),
(83, '130', 83, '我怎麼覺得還好', 'null', '2023-03-01 15:07:00'),
(84, '131', 84, '真的，超級有趣，下次再來', 'null', '2023-03-01 15:07:00'),
(85, '132', 85, '你眼睛業障太重了嗎？哪裡好笑', 'null', '2023-03-01 15:07:00'),
(86, '133', 86, '不會啊，我覺得有趣', 'null', '2023-03-01 15:07:00'),
(87, '134', 87, '聽說這遊戲很難？', 'null', '2023-03-01 15:07:00'),
(88, '135', 88, '我怎麼覺得還好', 'null', '2023-03-01 15:07:00'),
(89, '136', 89, '真的，超級有趣，下次再來', 'null', '2023-03-01 15:07:00'),
(90, '1', 90, '你眼睛業障太重了嗎？哪裡好笑', 'null', '2023-03-01 15:07:00'),
(91, '2', 91, '不會啊，我覺得有趣', 'null', '2023-03-01 15:07:00'),
(92, '3', 92, '聽說這遊戲很難？', 'null', '2023-03-01 15:07:00'),
(93, '4', 93, '我怎麼覺得還好', 'null', '2023-03-01 15:07:00'),
(94, '5', 94, '真的，超級有趣，下次再來', 'null', '2023-03-01 15:07:00'),
(95, '6', 95, '你眼睛業障太重了嗎？哪裡好笑', 'null', '2023-03-01 15:07:00'),
(96, '7', 96, '不會啊，我覺得有趣', 'null', '2023-03-01 15:07:00'),
(97, '8', 97, '聽說這遊戲很難？', 'null', '2023-03-01 15:07:00'),
(98, '9', 98, '我怎麼覺得還好', 'null', '2023-03-01 15:07:00'),
(99, '10', 99, '真的，超級有趣，下次再來', 'null', '2023-03-01 15:07:00'),
(100, '11', 100, '你眼睛業障太重了嗎？哪裡好笑', 'null', '2023-03-01 15:07:00'),
(101, '12', 101, '我怎麼覺得還好', 'null', '2023-03-01 15:07:00'),
(102, '13', 102, '真的，超級有趣，下次再來', 'null', '2023-03-01 15:07:00'),
(103, '14', 103, '你眼睛業障太重了嗎？哪裡好笑', 'null', '2023-03-01 15:07:00'),
(104, '15', 104, '不會啊，我覺得有趣', 'null', '2023-03-01 15:07:00'),
(105, '16', 105, '聽說這遊戲很難？', 'null', '2023-03-01 15:07:00'),
(106, '17', 106, '我怎麼覺得還好', 'null', '2023-03-01 15:07:00'),
(107, '18', 107, '真的，超級有趣，下次再來', 'null', '2023-03-01 15:07:00'),
(108, '19', 108, '你眼睛業障太重了嗎？哪裡好笑', 'null', '2023-03-01 15:07:00'),
(109, '20', 109, '不會啊，我覺得有趣', 'null', '2023-03-01 15:07:00'),
(110, '21', 110, '聽說這遊戲很難？', 'null', '2023-03-01 15:07:00'),
(111, '22', 111, '我怎麼覺得還好', 'null', '2023-03-01 15:07:00'),
(112, '23', 112, '真的，超級有趣，下次再來', 'null', '2023-03-01 15:07:00'),
(113, '24', 113, '你眼睛業障太重了嗎？哪裡好笑', 'null', '2023-03-01 15:07:00'),
(114, '25', 114, '不會啊，我覺得有趣', 'null', '2023-03-01 15:07:00'),
(115, '26', 115, '聽說這遊戲很難？', 'null', '2023-03-01 15:07:00'),
(116, '27', 116, '我怎麼覺得還好', 'null', '2023-03-01 15:07:00'),
(117, '28', 117, '真的，超級有趣，下次再來', 'null', '2023-03-01 15:07:00'),
(118, '29', 118, '你眼睛業障太重了嗎？哪裡好笑', 'null', '2023-03-01 15:07:00'),
(119, '30', 119, '我怎麼覺得還好', 'null', '2023-03-01 15:07:00'),
(120, '31', 120, '真的，超級有趣，下次再來', 'null', '2023-03-01 15:07:00'),
(121, '32', 121, '你眼睛業障太重了嗎？哪裡好笑', 'null', '2023-03-01 15:07:00'),
(122, '33', 122, '不會啊，我覺得有趣', 'null', '2023-03-01 15:07:00'),
(134, '5', 84, '好扯喔', 'dog1.jpg', '2023-03-15 10:39:09'),
(135, '5', 133, '係休息休息下', 'null', '2023-03-15 10:49:13'),
(136, '5', 78, '菜就不要拖累隊友啊', 'cat1.jpg', '2023-03-15 10:54:43'),
(137, '5', 1, '你在說什麼東東？', 'dog1.jpg', '2023-03-16 09:04:46'),
(138, '15', 142, 'nice!!', 'null', '2023-03-20 14:24:05'),
(139, '15', 142, 'nice!!', 'null', '2023-03-20 14:24:10'),
(140, '15', 142, 'nice!!', 'null', '2023-03-20 14:24:16'),
(141, '15', 142, 'nice!!', 'null', '2023-03-20 14:24:19'),
(142, '15', 142, 'nice!!', 'null', '2023-03-20 14:24:19'),
(143, '15', 142, 'nice!!', 'null', '2023-03-20 14:24:19'),
(144, '15', 142, 'nice!!', 'null', '2023-03-20 14:24:20'),
(145, '15', 135, 'nice', 'null', '2023-03-20 14:25:11'),
(146, '15', 143, 'nice!!', 'null', '2023-03-20 14:39:24'),
(147, '15', 7, 'nice!!', 'null', '2023-03-20 14:53:41'),
(148, '15', 29, '123', 'null', '2023-03-20 14:54:18'),
(149, '15', 145, 'really nice', 'null', '2023-03-20 14:54:45'),
(150, '15', 146, '123', 'null', '2023-03-20 14:56:32'),
(151, '15', 146, '123', 'null', '2023-03-20 14:57:22'),
(152, '15', 148, 'really nice', 'null', '2023-03-20 15:20:59'),
(153, '15', 148, 'hihi', 'null', '2023-03-20 15:21:48'),
(154, '15', 147, '妙蛙種子', '1.png', '2023-03-20 17:15:53'),
(155, '364', 150, '123', '7e8eb2b3-80c9-4605-a459-0e1e355f7d2c.jpg', '2023-03-23 14:53:13'),
(156, '1', 140, '123', '0ed49ea6-903e-4b86-80bc-626f7441babf.jpg', '2023-03-24 13:37:55'),
(157, '1', 139, '123', 'null', '2023-03-27 10:08:28'),
(158, '1', 195, '456', '7f90f0e1-3479-4edf-b099-cf8860935fcf.jpg', '2023-03-27 11:14:23');

-- --------------------------------------------------------

--
-- 資料表結構 `discount`
--

CREATE TABLE `discount` (
  `discountSid` int(11) NOT NULL,
  `discountRand` varchar(255) NOT NULL,
  `discountID` int(11) NOT NULL,
  `membersid` int(11) NOT NULL,
  `discountState` varchar(5) NOT NULL,
  `discountRelease` datetime NOT NULL
) ENGINE=InnoDB DEFAULT CHARSET=utf8mb4 COLLATE=utf8mb4_general_ci;

--
-- 傾印資料表的資料 `discount`
--

INSERT INTO `discount` (`discountSid`, `discountRand`, `discountID`, `membersid`, `discountState`, `discountRelease`) VALUES
(247, '0HOXR', 20, 0, '未使用', '2023-03-27 06:21:28'),
(248, 'SNL97', 20, 0, '未使用', '2023-03-27 06:21:28'),
(249, 'KUP2B', 20, 0, '未使用', '2023-03-27 06:21:38'),
(250, '7RL31', 20, 0, '未使用', '2023-03-27 06:21:38'),
(251, '1LRX8', 20, 0, '未使用', '2023-03-27 06:22:08'),
(252, 'YPNMV', 20, 0, '未使用', '2023-03-27 06:22:08'),
(253, 'SPP7Q', 20, 0, '未使用', '2023-03-27 09:23:09'),
(254, 'QELHI', 20, 0, '未使用', '2023-03-27 09:23:09'),
(255, 'BO14G', 20, 0, '未使用', '2023-03-27 09:24:19'),
(256, '5G3TN', 20, 0, '未使用', '2023-03-27 09:24:19'),
(257, '96EOB', 20, 0, '未使用', '2023-03-27 09:32:12'),
(258, 'GMOAQ', 20, 0, '未使用', '2023-03-27 09:32:12'),
(259, 'IH89G', 20, 0, '未使用', '2023-03-27 09:32:42'),
(260, 'GCPK', 20, 0, '未使用', '2023-03-27 09:32:42'),
(261, '4U645', 20, 0, '未使用', '2023-03-27 09:33:17'),
(262, 'N5EH0', 20, 0, '未使用', '2023-03-27 09:33:17'),
(263, '6DB8N', 20, 0, '未使用', '2023-03-27 09:33:52'),
(264, 'KVTJQ', 20, 0, '未使用', '2023-03-27 09:33:52'),
(265, 'GR200', 20, 1, '未使用', '2023-03-27 11:54:09'),
(266, 'RO6T2', 20, 367, '未使用', '2023-03-27 11:54:09'),
(267, '', 22, 367, '', '0000-00-00 00:00:00'),
(268, 'NL7K1', 20, 0, '未使用', '2023-03-27 12:14:47'),
(269, 'CNQ9H', 20, 0, '未使用', '2023-03-27 12:14:47'),
(270, 'BOP5X', 20, 0, '未使用', '2023-03-27 12:15:03'),
(271, 'QS6VT', 20, 0, '未使用', '2023-03-27 12:15:03'),
(272, 'GU6DQ', 20, 0, '未使用', '2023-03-27 12:15:22'),
(273, 'OZPVQ', 20, 0, '未使用', '2023-03-27 12:15:22'),
(274, 'NCHSV', 20, 0, '未使用', '2023-03-27 12:16:36'),
(275, '7MJEX', 20, 0, '未使用', '2023-03-27 12:17:07'),
(276, '81SMX', 20, 0, '未使用', '2023-03-27 12:17:14'),
(277, 'UDFQY', 20, 0, '未使用', '2023-03-27 12:17:14'),
(278, 'K217W', 20, 0, '未使用', '2023-03-27 12:17:22'),
(279, 'RNUFV', 20, 0, '未使用', '2023-03-27 12:17:22'),
(280, 'KQ7HC', 20, 0, '未使用', '2023-03-27 13:44:34'),
(281, 'E1ASJ', 20, 0, '未使用', '2023-03-27 13:44:34'),
(282, 'UQL4R', 20, 0, '未使用', '2023-03-27 13:44:58'),
(283, 'TI8ZA', 20, 0, '未使用', '2023-03-27 13:44:58'),
(284, '6S9ZD', 20, 0, '未使用', '2023-03-27 15:18:56'),
(285, '400O9', 20, 0, '未使用', '2023-03-27 15:18:56'),
(286, 'LFKG', 20, 0, '未使用', '2023-03-27 15:20:20'),
(287, 'K54HR', 20, 0, '未使用', '2023-03-27 15:20:20'),
(288, '69XI1', 20, 0, '未使用', '2023-03-28 09:15:14'),
(289, 'UWT9D', 20, 0, '未使用', '2023-03-28 09:15:14'),
(290, '0Q0FN', 20, 0, '未使用', '2023-03-28 09:15:26'),
(291, 'HM10S', 20, 0, '未使用', '2023-03-28 09:15:26'),
(292, '', 22, 368, '未使用', '0000-00-00 00:00:00'),
(293, 'R5PQ0', 20, 0, '未使用', '2023-03-28 10:05:16'),
(294, '5H21W', 20, 332, '未使用', '2023-03-28 10:05:16'),
(295, '1E6OV', 20, 0, '未使用', '2023-03-28 12:57:43'),
(296, '716X5', 20, 369, '未使用', '2023-03-28 12:57:43'),
(297, '', 22, 369, '未使用', '0000-00-00 00:00:00'),
(298, 'MYI6Y', 20, 0, '未使用', '2023-03-28 16:56:09'),
(299, 'J2FCS', 20, 0, '未使用', '2023-03-28 16:56:09'),
(300, 'KAUEZ', 20, 0, '未使用', '2023-03-28 16:56:14'),
(301, 'ZHU0Q', 20, 0, '未使用', '2023-03-28 16:56:14'),
(302, 'Q1854', 20, 0, '未使用', '2023-03-28 17:37:55'),
(303, 'DNLWD', 20, 0, '未使用', '2023-03-28 17:37:55');

-- --------------------------------------------------------

--
-- 資料表結構 `discount_detail`
--

CREATE TABLE `discount_detail` (
  `discountID` int(11) NOT NULL,
  `discountName` varchar(255) NOT NULL,
  `discountPrice` int(11) NOT NULL,
  `discountStartDate` date NOT NULL,
  `discountEndDate` date NOT NULL
) ENGINE=InnoDB DEFAULT CHARSET=utf8mb4 COLLATE=utf8mb4_general_ci;

--
-- 傾印資料表的資料 `discount_detail`
--

INSERT INTO `discount_detail` (`discountID`, `discountName`, `discountPrice`, `discountStartDate`, `discountEndDate`) VALUES
(1, '1月生日禮', 30, '2022-01-01', '2022-01-31'),
(2, '2月生日禮', 30, '2022-02-01', '2022-02-28'),
(3, '3月生日禮', 30, '2022-03-01', '2022-03-31'),
(4, '4月生日禮', 30, '2022-04-01', '2022-04-30'),
(5, '5月生日禮', 30, '2022-05-01', '2022-05-31'),
(6, '6月生日禮', 30, '2022-06-01', '2022-06-30'),
(7, '7月生日禮', 30, '2022-07-01', '2022-07-31'),
(8, '8月生日禮', 30, '2022-08-01', '2022-08-31'),
(9, '9月生日禮', 30, '2022-09-01', '2022-09-30'),
(10, '10月生日禮', 30, '2022-10-01', '2022-10-31'),
(11, '11月生日禮', 30, '2022-11-01', '2022-11-30'),
(12, '12月生日禮', 30, '2022-12-01', '2022-12-31'),
(13, '光棍節快樂', 40, '2022-11-11', '2022-11-12'),
(14, '老闆開心發20', 20, '2022-09-01', '2022-09-05'),
(15, '2022註冊送好禮', 50, '2022-01-01', '2022-12-31'),
(16, '我就發', 80, '2022-08-08', '2022-08-09'),
(17, '暑假揪團yee起玩', 10, '2022-07-01', '2022-08-31'),
(18, '寒假好冷室內play', 10, '2022-01-01', '2022-02-28'),
(19, '猛鬼遊樂園', 20, '2022-07-01', '2022-07-31'),
(20, '遊戲小禮', 20, '2022-04-04', '2022-04-06'),
(22, '會員註冊禮', 30, '2022-12-20', '2022-12-22'),
(24, '我就想發', 40, '2022-12-20', '2022-12-21');

-- --------------------------------------------------------

--
-- 資料表結構 `games`
--

CREATE TABLE `games` (
  `gamesSid` int(11) NOT NULL,
  `gamesName` varchar(50) NOT NULL,
  `gamesImages` varchar(255) NOT NULL,
  `gamesPeopleMin` int(11) NOT NULL,
  `gamesPeopleMax` int(11) NOT NULL,
  `gamesDifficulty` int(11) NOT NULL,
  `gamesFeature01` int(11) NOT NULL COMMENT '遊戲特點',
  `gamesFeature02` int(11) NOT NULL COMMENT '遊戲特點',
  `gamesPrice` int(11) NOT NULL,
  `gamesSort` int(11) NOT NULL COMMENT '遊玩方式',
  `gamesTime` int(11) NOT NULL COMMENT '遊戲遊玩時間',
  `gamesOpen` date NOT NULL COMMENT '遊戲上架時間',
  `gamesColse` int(11) NOT NULL COMMENT '遊戲下架時間',
  `gamesContent` varchar(255) NOT NULL,
  `storeSid` int(11) NOT NULL,
  `create_at` datetime NOT NULL DEFAULT current_timestamp(),
  `up_date` datetime NOT NULL
) ENGINE=InnoDB DEFAULT CHARSET=utf8mb4 COLLATE=utf8mb4_general_ci;

--
-- 傾印資料表的資料 `games`
--

INSERT INTO `games` (`gamesSid`, `gamesName`, `gamesImages`, `gamesPeopleMin`, `gamesPeopleMax`, `gamesDifficulty`, `gamesFeature01`, `gamesFeature02`, `gamesPrice`, `gamesSort`, `gamesTime`, `gamesOpen`, `gamesColse`, `gamesContent`, `storeSid`, `create_at`, `up_date`) VALUES
(1, '等一個人盜墓', '1.jpg', 2, 4, 4, 4, 2, 500, 1, 1, '2022-10-19', 1, '西域沙漠中\n突然出現了一座神秘的古墓\n陵墓的主人正是消失已久的樓蘭女王\n\n政府派出一支考古隊前往調查\n但他們卻離奇的失去了聯繫\n\n於是政府秘密派遣盜墓賊再次前往\n究竟，會在裡面發現什麼……？', 1, '2022-12-12 07:33:00', '2022-12-12 07:33:00'),
(2, '這個Case有點Big', '2.jpg', 2, 4, 3, 4, 7, 600, 1, 2, '2022-10-19', 1, '『一場發生在行李箱中的奇幻冒險，世界上怎麼會有那麼大的行李箱啊？\n再不逃出去，就要被永遠困在這裡了！』\n\nLoGin偵探社最近收到了一封奇怪的委託信，\n一位著急的媽媽聲稱她失蹤的10歲兒子被邪惡的科學家綁架了。(這年代還有邪惡的科學家嗎…)\n但當偵探社聯繫她時，卻又堅決否認寄出過這封信，這個案子也就不了了之…\n\n但這位媽媽突然又聯繫了偵探社表示她已潛入科學家的研究所，\n希望我們能派出偵探協助她，但一時之間實在抽不出人手…\n你看起來挺聰明的，能幫個忙嗎？', 1, '2022-12-12 07:33:00', '2022-12-12 07:33:00'),
(3, '冒險王', '3.jpg', 2, 4, 2, 4, 2, 800, 1, 3, '2022-10-19', 1, '傳說在百慕達三角洲一帶有一座神秘的島嶼，歷史至今為了前往島嶼的海盜、冒險家皆無一倖免，因此有著死亡島之稱。據說這個死亡島藏有許多珍貴的寶藏，還蘊含著不可思議的力量，唯有成功奪取寶藏並活著回來才能成為冒險王！', 1, '2022-12-12 07:33:00', '2022-12-12 07:33:00'),
(4, '鱗屋之中', '4.jpg', 2, 4, 3, 2, 4, 700, 1, 4, '2022-10-19', 1, '崖邊那棟樓房，磚瓦整齊鱗列，\n偶爾閃耀波光水紋，\n當地人稱這奇異樓房為──鱗屋。\n朝鱗屋望去，\n彷彿有股力量牽動著你們隱密的心緒，\n深入探索，\n如何在重重迷霧間選擇出可行之路呢？', 1, '2022-12-12 07:33:00', '2022-12-12 07:33:00'),
(5, '迷霧島', '5.jpg', 2, 4, 2, 2, 4, 600, 1, 3, '2023-04-08', 1, '三條獨立故事線?古老遺跡場景?空間大型機關\n\n你曾聽過那迪亞嗎？\n遙遠的古文明存在著三大種族，只有走進迷霧島，你才能揭開他們最核心的秘密?\n\n??萬物神殿 – 平衡宇宙秩序，躲避空間機關陷阱\n??元素之門 – 古老礦場冒險，操控元素穿透維度\n??亞人試煉 – 團結創造生機，手腳並用進化人類\n\n各種族均有專屬領地，以不同種族身分多次登陸，解鎖改變最終結局！', 1, '2022-12-12 07:33:00', '2022-12-12 07:33:00'),
(6, '辛亥隧道', '6.jpg', 2, 4, 1, 8, 4, 750, 1, 4, '2022-10-19', 1, '逼真場景 ? 滿分機關 ? 感人劇情\n全台唯一，實車機關\n荒郊野嶺，拾階而上\n扣人心弦，驚心挑戰\n\n六大賣點??\n全新沈浸體驗設計，玩家推動劇情發展\n獨一無二大型機關\n專業配音 聲臨其境\n高標準美術團隊打造，超擬真場景\n絕美動畫視覺特效\n真人互動，挑戰你的腎上腺', 4, '2022-12-12 07:33:00', '2022-12-12 07:33:00'),
(7, '獨眼傑克', '7.jpg', 2, 4, 1, 4, 2, 550, 1, 1, '2022-10-19', 1, '西域沙漠中\n突然出現了一座神秘的古墓\n陵墓的主人正是消失已久的樓蘭女王\n\n政府派出一支考古隊前往調查\n但他們卻離奇的失去了聯繫\n\n於是政府秘密派遣盜墓賊再次前往\n究竟，會在裡面發現什麼……？', 4, '2022-12-12 07:33:00', '2022-12-12 07:33:00'),
(8, '掘', '8.jpg', 2, 4, 2, 2, 4, 720, 1, 3, '2022-10-19', 1, '『一場發生在行李箱中的奇幻冒險，世界上怎麼會有那麼大的行李箱啊？\n再不逃出去，就要被永遠困在這裡了！』\n\nLoGin偵探社最近收到了一封奇怪的委託信，\n一位著急的媽媽聲稱她失蹤的11歲兒子被邪惡的科學家綁架了。(這年代還有邪惡的科學家嗎…)\n但當偵探社聯繫她時，卻又堅決否認寄出過這封信，這個案子也就不了了之…\n\n但這位媽媽突然又聯繫了偵探社表示她已潛入科學家的研究所，\n希望我們能派出偵探協助她，但一時之間實在抽不出人手…\n你看起來挺聰明的，能幫個忙嗎？', 4, '2022-12-12 07:33:00', '2022-12-12 07:33:00'),
(9, '秦關', '9.jpg', 2, 4, 2, 2, 4, 650, 1, 2, '2023-04-08', 1, '傳說在百慕達三角洲一帶有一座神秘的島嶼，歷史至今為了前往島嶼的海盜、冒險家皆無一倖免，因此有著死亡島之稱。據說這個死亡島藏有許多珍貴的寶藏，還蘊含著不可思議的力量，唯有成功奪取寶藏並活著回來才能成為冒險王！', 4, '2022-12-12 07:33:00', '2022-12-12 07:33:00'),
(10, '諜戰1941', '10.jpg', 2, 4, 2, 4, 2, 600, 1, 4, '2023-04-08', 1, '崖邊那棟樓房，磚瓦整齊鱗列，\n偶爾閃耀波光水紋，\n當地人稱這奇異樓房為──鱗屋。\n朝鱗屋望去，\n彷彿有股力量牽動著你們隱密的心緒，\n深入探索，\n如何在重重迷霧間選擇出可行之路呢？', 5, '2022-12-12 07:33:00', '2022-12-12 07:33:00'),
(11, '秘令', '11.jpg', 2, 4, 3, 4, 2, 500, 1, 3, '2023-04-08', 1, '三條獨立故事線?古老遺跡場景?空間大型機關\n\n你曾聽過那迪亞嗎？\n遙遠的古文明存在著三大種族，只有走進迷霧島，你才能揭開他們最核心的秘密?\n\n??萬物神殿 – 平衡宇宙秩序，躲避空間機關陷阱\n??元素之門 – 古老礦場冒險，操控元素穿透維度\n??亞人試煉 – 團結創造生機，手腳並用進化人類\n\n各種族均有專屬領地，以不同種族身分多次登陸，解鎖改變最終結局！', 5, '2022-12-12 07:33:00', '2022-12-12 07:33:00'),
(12, '秘令2三劍客的逆襲', '12.jpg', 2, 4, 2, 2, 4, 600, 1, 4, '2022-10-19', 1, '逼真場景 ? 滿分機關 ? 感人劇情\n全台唯一，實車機關\n荒郊野嶺，拾階而上\n扣人心弦，驚心挑戰\n\n六大賣點??\n全新沈浸體驗設計，玩家推動劇情發展\n獨一無二大型機關\n專業配音 聲臨其境\n高標準美術團隊打造，超擬真場景\n絕美動畫視覺特效\n真人互動，挑戰你的腎上腺', 5, '2022-12-12 07:33:00', '2022-12-12 07:33:00'),
(13, '瑪莉控', '13.jpg', 2, 4, 1, 7, 5, 350, 1, 1, '2022-10-19', 1, '西域沙漠中\n突然出現了一座神秘的古墓\n陵墓的主人正是消失已久的樓蘭女王\n\n政府派出一支考古隊前往調查\n但他們卻離奇的失去了聯繫\n\n於是政府秘密派遣盜墓賊再次前往\n究竟，會在裡面發現什麼……？', 5, '2022-12-12 07:33:00', '2022-12-12 07:33:00'),
(14, '奪命鎖鏈2', '14.jpg', 2, 4, 2, 11, 2, 600, 1, 2, '2022-10-19', 1, '『一場發生在行李箱中的奇幻冒險，世界上怎麼會有那麼大的行李箱啊？\n再不逃出去，就要被永遠困在這裡了！』\n\nLoGin偵探社最近收到了一封奇怪的委託信，\n一位著急的媽媽聲稱她失蹤的12歲兒子被邪惡的科學家綁架了。(這年代還有邪惡的科學家嗎…)\n但當偵探社聯繫她時，卻又堅決否認寄出過這封信，這個案子也就不了了之…\n\n但這位媽媽突然又聯繫了偵探社表示她已潛入科學家的研究所，\n希望我們能派出偵探協助她，但一時之間實在抽不出人手…\n你看起來挺聰明的，能幫個忙嗎？', 5, '2022-12-12 07:33:00', '2022-12-12 07:33:00'),
(15, '籠中鳥', '15.jpg', 2, 4, 3, 8, 9, 600, 1, 3, '2022-10-19', 1, '傳說在百慕達三角洲一帶有一座神秘的島嶼，歷史至今為了前往島嶼的海盜、冒險家皆無一倖免，因此有著死亡島之稱。據說這個死亡島藏有許多珍貴的寶藏，還蘊含著不可思議的力量，唯有成功奪取寶藏並活著回來才能成為冒險王！', 5, '2022-12-12 07:33:00', '2022-12-12 07:33:00'),
(16, '拉麵的奧義', '16.jpg', 2, 4, 1, 7, 4, 350, 1, 1, '2022-10-19', 1, '崖邊那棟樓房，磚瓦整齊鱗列，\n偶爾閃耀波光水紋，\n當地人稱這奇異樓房為──鱗屋。\n朝鱗屋望去，\n彷彿有股力量牽動著你們隱密的心緒，\n深入探索，\n如何在重重迷霧間選擇出可行之路呢？', 5, '2022-12-12 07:33:00', '2022-12-12 07:33:00'),
(17, '熊熊危機', '17.jpg', 2, 4, 1, 7, 4, 400, 1, 1, '2023-04-08', 1, '西域沙漠中\n突然出現了一座神秘的古墓\n陵墓的主人正是消失已久的樓蘭女王\n\n政府派出一支考古隊前往調查\n但他們卻離奇的失去了聯繫\n\n於是政府秘密派遣盜墓賊再次前往\n究竟，會在裡面發現什麼……？', 7, '2022-12-12 07:33:00', '2022-12-12 07:33:00'),
(18, '顛倒的室', '18.jpg', 2, 4, 2, 4, 3, 600, 1, 2, '2022-10-19', 1, '『一場發生在行李箱中的奇幻冒險，世界上怎麼會有那麼大的行李箱啊？\n再不逃出去，就要被永遠困在這裡了！』\n\nLoGin偵探社最近收到了一封奇怪的委託信，\n一位著急的媽媽聲稱她失蹤的11歲兒子被邪惡的科學家綁架了。(這年代還有邪惡的科學家嗎…)\n但當偵探社聯繫她時，卻又堅決否認寄出過這封信，這個案子也就不了了之…\n\n但這位媽媽突然又聯繫了偵探社表示她已潛入科學家的研究所，\n希望我們能派出偵探協助她，但一時之間實在抽不出人手…\n你看起來挺聰明的，能幫個忙嗎？', 7, '2022-12-12 07:33:00', '2022-12-12 07:33:00'),
(19, '微笑謎藏', '19.jpg', 2, 4, 4, 9, 4, 750, 1, 4, '2022-10-19', 1, '傳說在百慕達三角洲一帶有一座神秘的島嶼，歷史至今為了前往島嶼的海盜、冒險家皆無一倖免，因此有著死亡島之稱。據說這個死亡島藏有許多珍貴的寶藏，還蘊含著不可思議的力量，唯有成功奪取寶藏並活著回來才能成為冒險王！', 7, '2022-12-12 07:33:00', '2022-12-12 07:33:00'),
(20, '宇宙逃脫Vicky', '20.jpg', 2, 6, 2, 2, 5, 650, 1, 3, '2022-10-19', 1, '崖邊那棟樓房，磚瓦整齊鱗列，\n偶爾閃耀波光水紋，\n當地人稱這奇異樓房為──鱗屋。\n朝鱗屋望去，\n彷彿有股力量牽動著你們隱密的心緒，\n深入探索，\n如何在重重迷霧間選擇出可行之路呢？', 7, '2022-12-12 07:34:00', '2022-12-12 07:34:00'),
(21, '蜀山', '21.jpg', 2, 6, 2, 4, 2, 375, 1, 1, '2022-10-19', 1, '三條獨立故事線?古老遺跡場景?空間大型機關\n\n你曾聽過那迪亞嗎？\n遙遠的古文明存在著三大種族，只有走進迷霧島，你才能揭開他們最核心的秘密?\n\n??萬物神殿 – 平衡宇宙秩序，躲避空間機關陷阱\n??元素之門 – 古老礦場冒險，操控元素穿透維度\n??亞人試煉 – 團結創造生機，手腳並用進化人類\n\n各種族均有專屬領地，以不同種族身分多次登陸，解鎖改變最終結局！', 7, '2022-12-12 07:34:00', '2022-12-12 07:34:00'),
(22, '血色古堡', '22.jpg', 2, 6, 5, 2, 4, 600, 1, 2, '2022-10-19', 1, '逼真場景 ? 滿分機關 ? 感人劇情\n全台唯一，實車機關\n荒郊野嶺，拾階而上\n扣人心弦，驚心挑戰\n\n六大賣點??\n全新沈浸體驗設計，玩家推動劇情發展\n獨一無二大型機關\n專業配音 聲臨其境\n高標準美術團隊打造，超擬真場景\n絕美動畫視覺特效\n真人互動，挑戰你的腎上腺', 7, '2022-12-12 07:34:00', '2022-12-12 07:34:00'),
(23, '控制獄', '23.jpg', 2, 6, 2, 2, 5, 650, 1, 3, '2023-04-08', 1, '西域沙漠中\n突然出現了一座神秘的古墓\n陵墓的主人正是消失已久的樓蘭女王\n\n政府派出一支考古隊前往調查\n但他們卻離奇的失去了聯繫\n\n於是政府秘密派遣盜墓賊再次前往\n究竟，會在裡面發現什麼……？', 8, '2022-12-12 07:34:00', '2022-12-12 07:34:00'),
(24, '醉後任務', '24.jpg', 2, 6, 2, 10, 14, 600, 1, 2, '2022-10-19', 1, '『一場發生在行李箱中的奇幻冒險，世界上怎麼會有那麼大的行李箱啊？\n再不逃出去，就要被永遠困在這裡了！』\n\nLoGin偵探社最近收到了一封奇怪的委託信，\n一位著急的媽媽聲稱她失蹤的12歲兒子被邪惡的科學家綁架了。(這年代還有邪惡的科學家嗎…)\n但當偵探社聯繫她時，卻又堅決否認寄出過這封信，這個案子也就不了了之…\n\n但這位媽媽突然又聯繫了偵探社表示她已潛入科學家的研究所，\n希望我們能派出偵探協助她，但一時之間實在抽不出人手…\n你看起來挺聰明的，能幫個忙嗎？', 8, '2022-12-12 07:34:00', '2022-12-12 07:34:00'),
(25, '永生劫', '25.jpg', 2, 6, 2, 2, 4, 375, 1, 1, '2022-10-19', 1, '傳說在百慕達三角洲一帶有一座神秘的島嶼，歷史至今為了前往島嶼的海盜、冒險家皆無一倖免，因此有著死亡島之稱。據說這個死亡島藏有許多珍貴的寶藏，還蘊含著不可思議的力量，唯有成功奪取寶藏並活著回來才能成為冒險王！', 8, '2022-12-12 07:34:00', '2022-12-12 07:34:00'),
(26, '醒', '26.jpg', 2, 6, 3, 4, 11, 720, 1, 4, '2022-10-19', 1, '崖邊那棟樓房，磚瓦整齊鱗列，\n偶爾閃耀波光水紋，\n當地人稱這奇異樓房為──鱗屋。\n朝鱗屋望去，\n彷彿有股力量牽動著你們隱密的心緒，\n深入探索，\n如何在重重迷霧間選擇出可行之路呢？', 8, '2022-12-12 07:34:00', '2022-12-12 07:34:00'),
(27, '創世紀', '27.jpg', 2, 6, 1, 2, 11, 550, 1, 3, '2023-04-08', 1, '三條獨立故事線?古老遺跡場景?空間大型機關\n\n你曾聽過那迪亞嗎？\n遙遠的古文明存在著三大種族，只有走進迷霧島，你才能揭開他們最核心的秘密?\n\n??萬物神殿 – 平衡宇宙秩序，躲避空間機關陷阱\n??元素之門 – 古老礦場冒險，操控元素穿透維度\n??亞人試煉 – 團結創造生機，手腳並用進化人類\n\n各種族均有專屬領地，以不同種族身分多次登陸，解鎖改變最終結局！', 9, '2022-12-12 07:34:00', '2022-12-12 07:34:00'),
(28, '浪浪', '28.jpg', 2, 6, 2, 4, 7, 375, 1, 1, '2022-10-19', 1, '逼真場景 ? 滿分機關 ? 感人劇情\n全台唯一，實車機關\n荒郊野嶺，拾階而上\n扣人心弦，驚心挑戰\n\n六大賣點??\n全新沈浸體驗設計，玩家推動劇情發展\n獨一無二大型機關\n專業配音 聲臨其境\n高標準美術團隊打造，超擬真場景\n絕美動畫視覺特效\n真人互動，挑戰你的腎上腺', 9, '2022-12-12 07:34:00', '2022-12-12 07:34:00'),
(29, '月夜獨嚎', '29.jpg', 2, 6, 2, 4, 6, 550, 1, 3, '2022-10-19', 1, '西域沙漠中\n突然出現了一座神秘的古墓\n陵墓的主人正是消失已久的樓蘭女王\n\n政府派出一支考古隊前往調查\n但他們卻離奇的失去了聯繫\n\n於是政府秘密派遣盜墓賊再次前往\n究竟，會在裡面發現什麼……？', 9, '2022-12-12 07:34:00', '2022-12-12 07:34:00'),
(30, '我們的秘密', '30.jpg', 2, 6, 2, 8, 3, 600, 2, 4, '2022-10-19', 1, '『一場發生在行李箱中的奇幻冒險，世界上怎麼會有那麼大的行李箱啊？\n再不逃出去，就要被永遠困在這裡了！』\n\nLoGin偵探社最近收到了一封奇怪的委託信，\n一位著急的媽媽聲稱她失蹤的13歲兒子被邪惡的科學家綁架了。(這年代還有邪惡的科學家嗎…)\n但當偵探社聯繫她時，卻又堅決否認寄出過這封信，這個案子也就不了了之…\n\n但這位媽媽突然又聯繫了偵探社表示她已潛入科學家的研究所，\n希望我們能派出偵探協助她，但一時之間實在抽不出人手…\n你看起來挺聰明的，能幫個忙嗎？', 9, '2022-12-12 07:34:00', '2022-12-12 07:34:00'),
(31, '羅伯班克', '31.jpg', 2, 6, 2, 2, 4, 500, 1, 2, '2022-10-19', 1, '傳說在百慕達三角洲一帶有一座神秘的島嶼，歷史至今為了前往島嶼的海盜、冒險家皆無一倖免，因此有著死亡島之稱。據說這個死亡島藏有許多珍貴的寶藏，還蘊含著不可思議的力量，唯有成功奪取寶藏並活著回來才能成為冒險王！', 9, '2022-12-12 07:34:00', '2022-12-12 07:34:00'),
(32, '幻境奇航II-最終的航道', '32.jpg', 2, 6, 2, 4, 2, 550, 1, 3, '2023-04-08', 1, '崖邊那棟樓房，磚瓦整齊鱗列，\n偶爾閃耀波光水紋，\n當地人稱這奇異樓房為──鱗屋。\n朝鱗屋望去，\n彷彿有股力量牽動著你們隱密的心緒，\n深入探索，\n如何在重重迷霧間選擇出可行之路呢？', 10, '2022-12-12 07:34:00', '2022-12-12 07:34:00'),
(33, '天方夜譚', '33.jpg', 2, 6, 1, 4, 11, 375, 1, 1, '2023-04-08', 1, '西域沙漠中\n突然出現了一座神秘的古墓\n陵墓的主人正是消失已久的樓蘭女王\n\n政府派出一支考古隊前往調查\n但他們卻離奇的失去了聯繫\n\n於是政府秘密派遣盜墓賊再次前往\n究竟，會在裡面發現什麼……？', 10, '2022-12-12 07:34:00', '2022-12-12 07:34:00'),
(34, '鄉間小盜', '34.jpg', 2, 6, 1, 7, 4, 375, 1, 2, '2022-10-19', 1, '『一場發生在行李箱中的奇幻冒險，世界上怎麼會有那麼大的行李箱啊？\n再不逃出去，就要被永遠困在這裡了！』\n\nLoGin偵探社最近收到了一封奇怪的委託信，\n一位著急的媽媽聲稱她失蹤的12歲兒子被邪惡的科學家綁架了。(這年代還有邪惡的科學家嗎…)\n但當偵探社聯繫她時，卻又堅決否認寄出過這封信，這個案子也就不了了之…\n\n但這位媽媽突然又聯繫了偵探社表示她已潛入科學家的研究所，\n希望我們能派出偵探協助她，但一時之間實在抽不出人手…\n你看起來挺聰明的，能幫個忙嗎？', 10, '2022-12-12 07:34:00', '2022-12-12 07:34:00'),
(35, '重返地平線', '35.jpg', 2, 6, 3, 4, 2, 600, 1, 3, '2022-10-19', 1, '傳說在百慕達三角洲一帶有一座神秘的島嶼，歷史至今為了前往島嶼的海盜、冒險家皆無一倖免，因此有著死亡島之稱。據說這個死亡島藏有許多珍貴的寶藏，還蘊含著不可思議的力量，唯有成功奪取寶藏並活著回來才能成為冒險王！', 10, '2022-12-12 07:34:00', '2022-12-12 07:34:00'),
(36, '奪命記憶', '36.jpg', 2, 6, 2, 2, 6, 600, 1, 4, '2022-10-19', 1, '崖邊那棟樓房，磚瓦整齊鱗列，\n偶爾閃耀波光水紋，\n當地人稱這奇異樓房為──鱗屋。\n朝鱗屋望去，\n彷彿有股力量牽動著你們隱密的心緒，\n深入探索，\n如何在重重迷霧間選擇出可行之路呢？', 10, '2022-12-12 07:34:00', '2022-12-12 07:34:00'),
(37, '鬼靈精怪店', '37.jpg', 2, 6, 1, 7, 5, 300, 1, 1, '2022-10-19', 1, '三條獨立故事線?古老遺跡場景?空間大型機關\n\n你曾聽過那迪亞嗎？\n遙遠的古文明存在著三大種族，只有走進迷霧島，你才能揭開他們最核心的秘密?\n\n??萬物神殿 – 平衡宇宙秩序，躲避空間機關陷阱\n??元素之門 – 古老礦場冒險，操控元素穿透維度\n??亞人試煉 – 團結創造生機，手腳並用進化人類\n\n各種族均有專屬領地，以不同種族身分多次登陸，解鎖改變最終結局！', 10, '2022-12-12 07:34:00', '2022-12-12 07:34:00'),
(38, '軍情六處', '38.jpg', 2, 6, 1, 7, 3, 450, 1, 2, '2022-10-19', 1, '逼真場景 ? 滿分機關 ? 感人劇情\n全台唯一，實車機關\n荒郊野嶺，拾階而上\n扣人心弦，驚心挑戰\n\n六大賣點??\n全新沈浸體驗設計，玩家推動劇情發展\n獨一無二大型機關\n專業配音 聲臨其境\n高標準美術團隊打造，超擬真場景\n絕美動畫視覺特效\n真人互動，挑戰你的腎上腺', 16, '2022-12-12 07:34:00', '2022-12-12 07:34:00'),
(39, ' 忍SHINOBI', '39.jpg', 2, 6, 2, 2, 4, 550, 1, 3, '2022-10-19', 1, '西域沙漠中\n突然出現了一座神秘的古墓\n陵墓的主人正是消失已久的樓蘭女王\n\n政府派出一支考古隊前往調查\n但他們卻離奇的失去了聯繫\n\n於是政府秘密派遣盜墓賊再次前往\n究竟，會在裡面發現什麼……？', 16, '2022-12-12 07:34:00', '2022-12-12 07:34:00'),
(40, '馬桶英雄', '40.jpg', 2, 8, 1, 7, 4, 600, 1, 4, '2022-10-19', 1, '『一場發生在行李箱中的奇幻冒險，世界上怎麼會有那麼大的行李箱啊？\n再不逃出去，就要被永遠困在這裡了！』\n\nLoGin偵探社最近收到了一封奇怪的委託信，\n一位著急的媽媽聲稱她失蹤的13歲兒子被邪惡的科學家綁架了。(這年代還有邪惡的科學家嗎…)\n但當偵探社聯繫她時，卻又堅決否認寄出過這封信，這個案子也就不了了之…\n\n但這位媽媽突然又聯繫了偵探社表示她已潛入科學家的研究所，\n希望我們能派出偵探協助她，但一時之間實在抽不出人手…\n你看起來挺聰明的，能幫個忙嗎？', 16, '2022-12-12 07:34:00', '2022-12-12 07:34:00'),
(41, '魔法學院', '41.jpg', 2, 8, 1, 11, 4, 375, 1, 1, '2022-10-19', 1, '傳說在百慕達三角洲一帶有一座神秘的島嶼，歷史至今為了前往島嶼的海盜、冒險家皆無一倖免，因此有著死亡島之稱。據說這個死亡島藏有許多珍貴的寶藏，還蘊含著不可思議的力量，唯有成功奪取寶藏並活著回來才能成為冒險王！', 16, '2022-12-12 07:34:00', '2022-12-12 07:34:00'),
(42, '惡靈', '42.jpg', 2, 8, 2, 4, 2, 600, 1, 3, '2022-10-19', 1, '崖邊那棟樓房，磚瓦整齊鱗列，\n偶爾閃耀波光水紋，\n當地人稱這奇異樓房為──鱗屋。\n朝鱗屋望去，\n彷彿有股力量牽動著你們隱密的心緒，\n深入探索，\n如何在重重迷霧間選擇出可行之路呢？', 17, '2022-12-12 07:34:00', '2022-12-12 07:34:00'),
(43, '刑務所脫出', '43.jpg', 2, 8, 1, 11, 7, 450, 1, 2, '2022-10-19', 1, '三條獨立故事線?古老遺跡場景?空間大型機關\n\n你曾聽過那迪亞嗎？\n遙遠的古文明存在著三大種族，只有走進迷霧島，你才能揭開他們最核心的秘密?\n\n??萬物神殿 – 平衡宇宙秩序，躲避空間機關陷阱\n??元素之門 – 古老礦場冒險，操控元素穿透維度\n??亞人試煉 – 團結創造生機，手腳並用進化人類\n\n各種族均有專屬領地，以不同種族身分多次登陸，解鎖改變最終結局！', 17, '2022-12-12 07:34:00', '2022-12-12 07:34:00'),
(44, '暗花尋跡', '44.jpg', 2, 8, 3, 1, 4, 600, 2, 4, '2022-10-19', 1, '逼真場景 ? 滿分機關 ? 感人劇情\n全台唯一，實車機關\n荒郊野嶺，拾階而上\n扣人心弦，驚心挑戰\n\n六大賣點??\n全新沈浸體驗設計，玩家推動劇情發展\n獨一無二大型機關\n專業配音 聲臨其境\n高標準美術團隊打造，超擬真場景\n絕美動畫視覺特效\n真人互動，挑戰你的腎上腺', 17, '2022-12-12 07:34:00', '2022-12-12 07:34:00'),
(45, '噬夢', '45.jpg', 2, 8, 1, 4, 7, 450, 1, 1, '2022-10-19', 1, '西域沙漠中\n突然出現了一座神秘的古墓\n陵墓的主人正是消失已久的樓蘭女王\n\n政府派出一支考古隊前往調查\n但他們卻離奇的失去了聯繫\n\n於是政府秘密派遣盜墓賊再次前往\n究竟，會在裡面發現什麼……？', 17, '2022-12-12 07:34:00', '2022-12-12 07:34:00'),
(46, '地心任務', '46.jpg', 2, 8, 2, 4, 2, 500, 1, 2, '2022-10-19', 1, '『一場發生在行李箱中的奇幻冒險，世界上怎麼會有那麼大的行李箱啊？\n再不逃出去，就要被永遠困在這裡了！』\n\nLoGin偵探社最近收到了一封奇怪的委託信，\n一位著急的媽媽聲稱她失蹤的14歲兒子被邪惡的科學家綁架了。(這年代還有邪惡的科學家嗎…)\n但當偵探社聯繫她時，卻又堅決否認寄出過這封信，這個案子也就不了了之…\n\n但這位媽媽突然又聯繫了偵探社表示她已潛入科學家的研究所，\n希望我們能派出偵探協助她，但一時之間實在抽不出人手…\n你看起來挺聰明的，能幫個忙嗎？', 17, '2022-12-12 07:34:00', '2022-12-12 07:34:00'),
(47, '艾比的時空膠囊', '47.jpg', 2, 8, 2, 5, 2, 650, 1, 4, '2022-10-19', 1, '傳說在百慕達三角洲一帶有一座神秘的島嶼，歷史至今為了前往島嶼的海盜、冒險家皆無一倖免，因此有著死亡島之稱。據說這個死亡島藏有許多珍貴的寶藏，還蘊含著不可思議的力量，唯有成功奪取寶藏並活著回來才能成為冒險王！', 19, '2022-12-12 07:34:00', '2022-12-12 07:34:00'),
(48, '觀落陰', '48.jpg', 2, 8, 1, 8, 4, 600, 1, 3, '2022-10-19', 1, '崖邊那棟樓房，磚瓦整齊鱗列，\n偶爾閃耀波光水紋，\n當地人稱這奇異樓房為──鱗屋。\n朝鱗屋望去，\n彷彿有股力量牽動著你們隱密的心緒，\n深入探索，\n如何在重重迷霧間選擇出可行之路呢？', 19, '2022-12-12 07:34:00', '2022-12-12 07:34:00'),
(49, '迷豆', '49.jpg', 2, 8, 1, 7, 4, 550, 1, 2, '2022-10-19', 1, '西域沙漠中\n突然出現了一座神秘的古墓\n陵墓的主人正是消失已久的樓蘭女王\n\n政府派出一支考古隊前往調查\n但他們卻離奇的失去了聯繫\n\n於是政府秘密派遣盜墓賊再次前往\n究竟，會在裡面發現什麼……？', 19, '2022-12-12 07:34:00', '2022-12-12 07:34:00'),
(50, '奪命鎖鏈1', '50.jpg', 2, 8, 1, 11, 1, 600, 2, 4, '2022-10-19', 1, '『一場發生在行李箱中的奇幻冒險，世界上怎麼會有那麼大的行李箱啊？\n再不逃出去，就要被永遠困在這裡了！』\n\nLoGin偵探社最近收到了一封奇怪的委託信，\n一位著急的媽媽聲稱她失蹤的13歲兒子被邪惡的科學家綁架了。(這年代還有邪惡的科學家嗎…)\n但當偵探社聯繫她時，卻又堅決否認寄出過這封信，這個案子也就不了了之…\n\n但這位媽媽突然又聯繫了偵探社表示她已潛入科學家的研究所，\n希望我們能派出偵探協助她，但一時之間實在抽不出人手…\n你看起來挺聰明的，能幫個忙嗎？', 21, '2022-12-12 07:34:00', '2022-12-12 07:34:00'),
(51, '以王之名', '51.jpg', 2, 8, 2, 4, 6, 600, 1, 2, '2022-10-19', 1, '傳說在百慕達三角洲一帶有一座神秘的島嶼，歷史至今為了前往島嶼的海盜、冒險家皆無一倖免，因此有著死亡島之稱。據說這個死亡島藏有許多珍貴的寶藏，還蘊含著不可思議的力量，唯有成功奪取寶藏並活著回來才能成為冒險王！', 21, '2022-12-12 07:34:00', '2022-12-12 07:34:00'),
(52, '異界籠', '52.jpg', 2, 8, 4, 2, 6, 600, 1, 3, '2022-10-19', 1, '崖邊那棟樓房，磚瓦整齊鱗列，\n偶爾閃耀波光水紋，\n當地人稱這奇異樓房為──鱗屋。\n朝鱗屋望去，\n彷彿有股力量牽動著你們隱密的心緒，\n深入探索，\n如何在重重迷霧間選擇出可行之路呢？', 21, '2022-12-12 07:34:00', '2022-12-12 07:34:00'),
(53, '洛克飯店-殺手困境', '53.jpg', 2, 8, 1, 1, 13, 600, 1, 3, '2022-10-19', 1, '三條獨立故事線?古老遺跡場景?空間大型機關\n\n你曾聽過那迪亞嗎？\n遙遠的古文明存在著三大種族，只有走進迷霧島，你才能揭開他們最核心的秘密?\n\n??萬物神殿 – 平衡宇宙秩序，躲避空間機關陷阱\n??元素之門 – 古老礦場冒險，操控元素穿透維度\n??亞人試煉 – 團結創造生機，手腳並用進化人類\n\n各種族均有專屬領地，以不同種族身分多次登陸，解鎖改變最終結局！', 21, '2022-12-12 07:34:00', '2022-12-12 07:34:00'),
(54, '攝影屍', '54.jpg', 2, 8, 2, 8, 4, 500, 1, 1, '2022-10-19', 1, '逼真場景 ? 滿分機關 ? 感人劇情\n全台唯一，實車機關\n荒郊野嶺，拾階而上\n扣人心弦，驚心挑戰\n\n六大賣點??\n全新沈浸體驗設計，玩家推動劇情發展\n獨一無二大型機關\n專業配音 聲臨其境\n高標準美術團隊打造，超擬真場景\n絕美動畫視覺特效\n真人互動，挑戰你的腎上腺', 21, '2022-12-12 07:34:00', '2022-12-12 07:34:00'),
(55, '迴異路', '55.jpg', 2, 8, 2, 3, 6, 680, 1, 4, '2022-10-19', 1, '西域沙漠中\n突然出現了一座神秘的古墓\n陵墓的主人正是消失已久的樓蘭女王\n\n政府派出一支考古隊前往調查\n但他們卻離奇的失去了聯繫\n\n於是政府秘密派遣盜墓賊再次前往\n究竟，會在裡面發現什麼……？', 31, '2022-12-12 07:34:00', '2022-12-12 07:34:00'),
(56, '地下噬', '56.jpg', 2, 8, 1, 8, 9, 250, 1, 1, '2022-10-19', 1, '『一場發生在行李箱中的奇幻冒險，世界上怎麼會有那麼大的行李箱啊？\n再不逃出去，就要被永遠困在這裡了！』\n\nLoGin偵探社最近收到了一封奇怪的委託信，\n一位著急的媽媽聲稱她失蹤的14歲兒子被邪惡的科學家綁架了。(這年代還有邪惡的科學家嗎…)\n但當偵探社聯繫她時，卻又堅決否認寄出過這封信，這個案子也就不了了之…\n\n但這位媽媽突然又聯繫了偵探社表示她已潛入科學家的研究所，\n希望我們能派出偵探協助她，但一時之間實在抽不出人手…\n你看起來挺聰明的，能幫個忙嗎？', 31, '2022-12-12 07:34:00', '2022-12-12 07:34:00'),
(57, '感染II病變', '57.jpg', 2, 8, 1, 4, 11, 375, 1, 1, '2022-10-19', 1, '傳說在百慕達三角洲一帶有一座神秘的島嶼，歷史至今為了前往島嶼的海盜、冒險家皆無一倖免，因此有著死亡島之稱。據說這個死亡島藏有許多珍貴的寶藏，還蘊含著不可思議的力量，唯有成功奪取寶藏並活著回來才能成為冒險王！', 31, '2022-12-12 07:34:00', '2022-12-12 07:34:00'),
(58, '杜蘭德20號公寓', '58.jpg', 2, 8, 2, 2, 3, 550, 1, 2, '2022-10-19', 1, '崖邊那棟樓房，磚瓦整齊鱗列，\n偶爾閃耀波光水紋，\n當地人稱這奇異樓房為──鱗屋。\n朝鱗屋望去，\n彷彿有股力量牽動著你們隱密的心緒，\n深入探索，\n如何在重重迷霧間選擇出可行之路呢？', 31, '2022-12-12 07:34:00', '2022-12-12 07:34:00'),
(59, '紅衣小女孩-噩夢再見', '59.jpg', 2, 8, 1, 8, 4, 600, 1, 3, '2022-10-19', 1, '三條獨立故事線?古老遺跡場景?空間大型機關\n\n你曾聽過那迪亞嗎？\n遙遠的古文明存在著三大種族，只有走進迷霧島，你才能揭開他們最核心的秘密?\n\n??萬物神殿 – 平衡宇宙秩序，躲避空間機關陷阱\n??元素之門 – 古老礦場冒險，操控元素穿透維度\n??亞人試煉 – 團結創造生機，手腳並用進化人類\n\n各種族均有專屬領地，以不同種族身分多次登陸，解鎖改變最終結局！', 31, '2022-12-12 07:34:00', '2022-12-12 07:34:00'),
(60, '同學會', '60.jpg', 4, 6, 2, 3, 4, 600, 1, 4, '2022-10-19', 1, '逼真場景 ? 滿分機關 ? 感人劇情\n全台唯一，實車機關\n荒郊野嶺，拾階而上\n扣人心弦，驚心挑戰\n\n六大賣點??\n全新沈浸體驗設計，玩家推動劇情發展\n獨一無二大型機關\n專業配音 聲臨其境\n高標準美術團隊打造，超擬真場景\n絕美動畫視覺特效\n真人互動，挑戰你的腎上腺', 32, '2022-12-12 07:34:00', '2022-12-12 07:34:00'),
(61, '丑時參拜', '61.jpg', 4, 6, 2, 4, 3, 600, 1, 4, '2022-10-19', 1, '西域沙漠中\n突然出現了一座神秘的古墓\n陵墓的主人正是消失已久的樓蘭女王\n\n政府派出一支考古隊前往調查\n但他們卻離奇的失去了聯繫\n\n於是政府秘密派遣盜墓賊再次前往\n究竟，會在裡面發現什麼……？', 32, '2022-12-12 07:34:00', '2022-12-12 07:34:00'),
(62, '遺產', '62.jpg', 4, 6, 2, 3, 6, 600, 1, 3, '2022-10-19', 1, '『一場發生在行李箱中的奇幻冒險，世界上怎麼會有那麼大的行李箱啊？\n再不逃出去，就要被永遠困在這裡了！』\n\nLoGin偵探社最近收到了一封奇怪的委託信，\n一位著急的媽媽聲稱她失蹤的15歲兒子被邪惡的科學家綁架了。(這年代還有邪惡的科學家嗎…)\n但當偵探社聯繫她時，卻又堅決否認寄出過這封信，這個案子也就不了了之…\n\n但這位媽媽突然又聯繫了偵探社表示她已潛入科學家的研究所，\n希望我們能派出偵探協助她，但一時之間實在抽不出人手…\n你看起來挺聰明的，能幫個忙嗎？', 32, '2022-12-12 07:34:00', '2022-12-12 07:34:00'),
(63, '魔幻海角', '63.jpg', 4, 6, 5, 1, 6, 550, 1, 2, '2022-10-19', 1, '傳說在百慕達三角洲一帶有一座神秘的島嶼，歷史至今為了前往島嶼的海盜、冒險家皆無一倖免，因此有著死亡島之稱。據說這個死亡島藏有許多珍貴的寶藏，還蘊含著不可思議的力量，唯有成功奪取寶藏並活著回來才能成為冒險王！', 32, '2022-12-12 07:34:00', '2022-12-12 07:34:00'),
(64, '洛克飯店-維多莉亞的祕密', '64.jpg', 4, 6, 1, 13, 5, 600, 1, 2, '2022-10-19', 1, '崖邊那棟樓房，磚瓦整齊鱗列，\n偶爾閃耀波光水紋，\n當地人稱這奇異樓房為──鱗屋。\n朝鱗屋望去，\n彷彿有股力量牽動著你們隱密的心緒，\n深入探索，\n如何在重重迷霧間選擇出可行之路呢？', 32, '2022-12-12 07:34:00', '2022-12-12 07:34:00'),
(65, '直衝腦門', '65.jpg', 4, 6, 2, 2, 11, 600, 1, 3, '2023-04-08', 1, '西域沙漠中\n突然出現了一座神秘的古墓\n陵墓的主人正是消失已久的樓蘭女王\n\n政府派出一支考古隊前往調查\n但他們卻離奇的失去了聯繫\n\n於是政府秘密派遣盜墓賊再次前往\n究竟，會在裡面發現什麼……？', 6, '2022-12-12 07:34:00', '2022-12-12 07:34:00'),
(66, '時鐘之國', '66.jpg', 4, 6, 1, 2, 4, 300, 1, 1, '2022-10-19', 1, '『一場發生在行李箱中的奇幻冒險，世界上怎麼會有那麼大的行李箱啊？\n再不逃出去，就要被永遠困在這裡了！』\n\nLoGin偵探社最近收到了一封奇怪的委託信，\n一位著急的媽媽聲稱她失蹤的14歲兒子被邪惡的科學家綁架了。(這年代還有邪惡的科學家嗎…)\n但當偵探社聯繫她時，卻又堅決否認寄出過這封信，這個案子也就不了了之…\n\n但這位媽媽突然又聯繫了偵探社表示她已潛入科學家的研究所，\n希望我們能派出偵探協助她，但一時之間實在抽不出人手…\n你看起來挺聰明的，能幫個忙嗎？', 6, '2022-12-12 07:34:00', '2022-12-12 07:34:00'),
(67, '百鬼夜行', '67.jpg', 4, 6, 2, 7, 5, 650, 1, 4, '2022-10-19', 1, '傳說在百慕達三角洲一帶有一座神秘的島嶼，歷史至今為了前往島嶼的海盜、冒險家皆無一倖免，因此有著死亡島之稱。據說這個死亡島藏有許多珍貴的寶藏，還蘊含著不可思議的力量，唯有成功奪取寶藏並活著回來才能成為冒險王！', 6, '2022-12-12 07:34:00', '2022-12-12 07:34:00'),
(68, '絕境擴散-Miss M ', '68.jpg', 4, 6, 2, 2, 4, 600, 1, 3, '2022-10-19', 1, '崖邊那棟樓房，磚瓦整齊鱗列，\n偶爾閃耀波光水紋，\n當地人稱這奇異樓房為──鱗屋。\n朝鱗屋望去，\n彷彿有股力量牽動著你們隱密的心緒，\n深入探索，\n如何在重重迷霧間選擇出可行之路呢？', 6, '2022-12-12 07:34:00', '2022-12-12 07:34:00'),
(69, '腥院', '69.jpg', 4, 6, 4, 8, 4, 550, 1, 2, '2022-10-19', 1, '三條獨立故事線?古老遺跡場景?空間大型機關\n\n你曾聽過那迪亞嗎？\n遙遠的古文明存在著三大種族，只有走進迷霧島，你才能揭開他們最核心的秘密?\n\n??萬物神殿 – 平衡宇宙秩序，躲避空間機關陷阱\n??元素之門 – 古老礦場冒險，操控元素穿透維度\n??亞人試煉 – 團結創造生機，手腳並用進化人類\n\n各種族均有專屬領地，以不同種族身分多次登陸，解鎖改變最終結局！', 6, '2022-12-12 07:34:00', '2022-12-12 07:34:00'),
(70, '迪賽爾街19號', '70.jpg', 4, 6, 1, 11, 4, 350, 1, 1, '2022-10-19', 1, '逼真場景 ? 滿分機關 ? 感人劇情\n全台唯一，實車機關\n荒郊野嶺，拾階而上\n扣人心弦，驚心挑戰\n\n六大賣點??\n全新沈浸體驗設計，玩家推動劇情發展\n獨一無二大型機關\n專業配音 聲臨其境\n高標準美術團隊打造，超擬真場景\n絕美動畫視覺特效\n真人互動，挑戰你的腎上腺', 25, '2022-12-12 07:34:00', '2022-12-12 07:34:00'),
(71, '喵境夢遊', '71.jpg', 4, 6, 1, 7, 5, 550, 1, 4, '2022-10-19', 1, '西域沙漠中\n突然出現了一座神秘的古墓\n陵墓的主人正是消失已久的樓蘭女王\n\n政府派出一支考古隊前往調查\n但他們卻離奇的失去了聯繫\n\n於是政府秘密派遣盜墓賊再次前往\n究竟，會在裡面發現什麼……？', 25, '2022-12-12 07:34:00', '2022-12-12 07:34:00'),
(72, '逃出補習班 2.0', '72.jpg', 4, 6, 2, 7, 11, 550, 1, 3, '2022-10-19', 1, '『一場發生在行李箱中的奇幻冒險，世界上怎麼會有那麼大的行李箱啊？\n再不逃出去，就要被永遠困在這裡了！』\n\nLoGin偵探社最近收到了一封奇怪的委託信，\n一位著急的媽媽聲稱她失蹤的15歲兒子被邪惡的科學家綁架了。(這年代還有邪惡的科學家嗎…)\n但當偵探社聯繫她時，卻又堅決否認寄出過這封信，這個案子也就不了了之…\n\n但這位媽媽突然又聯繫了偵探社表示她已潛入科學家的研究所，\n希望我們能派出偵探協助她，但一時之間實在抽不出人手…\n你看起來挺聰明的，能幫個忙嗎？', 25, '2022-12-12 07:34:00', '2022-12-12 07:34:00'),
(73, '瘋狂追殺', '73.jpg', 4, 6, 2, 9, 8, 400, 1, 2, '2022-10-19', 1, '傳說在百慕達三角洲一帶有一座神秘的島嶼，歷史至今為了前往島嶼的海盜、冒險家皆無一倖免，因此有著死亡島之稱。據說這個死亡島藏有許多珍貴的寶藏，還蘊含著不可思議的力量，唯有成功奪取寶藏並活著回來才能成為冒險王！', 25, '2022-12-12 07:34:00', '2022-12-12 07:34:00'),
(74, '冥婚', '74.jpg', 4, 6, 1, 4, 8, 400, 1, 2, '2022-10-19', 1, '崖邊那棟樓房，磚瓦整齊鱗列，\n偶爾閃耀波光水紋，\n當地人稱這奇異樓房為──鱗屋。\n朝鱗屋望去，\n彷彿有股力量牽動著你們隱密的心緒，\n深入探索，\n如何在重重迷霧間選擇出可行之路呢？', 25, '2022-12-12 07:34:00', '2022-12-12 07:34:00'),
(75, '流亡黯道', '75.jpg', 4, 6, 2, 2, 4, 600, 1, 2, '2022-10-19', 1, '三條獨立故事線?古老遺跡場景?空間大型機關\n\n你曾聽過那迪亞嗎？\n遙遠的古文明存在著三大種族，只有走進迷霧島，你才能揭開他們最核心的秘密?\n\n??萬物神殿 – 平衡宇宙秩序，躲避空間機關陷阱\n??元素之門 – 古老礦場冒險，操控元素穿透維度\n??亞人試煉 – 團結創造生機，手腳並用進化人類\n\n各種族均有專屬領地，以不同種族身分多次登陸，解鎖改變最終結局！', 28, '2022-12-12 07:34:00', '2022-12-12 07:34:00'),
(76, '黃道追弒', '76.jpg', 4, 6, 2, 9, 4, 600, 1, 3, '2022-10-19', 1, '逼真場景 ? 滿分機關 ? 感人劇情\n全台唯一，實車機關\n荒郊野嶺，拾階而上\n扣人心弦，驚心挑戰\n\n六大賣點??\n全新沈浸體驗設計，玩家推動劇情發展\n獨一無二大型機關\n專業配音 聲臨其境\n高標準美術團隊打造，超擬真場景\n絕美動畫視覺特效\n真人互動，挑戰你的腎上腺', 28, '2022-12-12 07:34:00', '2022-12-12 07:34:00'),
(77, '深處', '77.jpg', 4, 6, 3, 3, 4, 650, 1, 4, '2022-10-19', 1, '西域沙漠中\n突然出現了一座神秘的古墓\n陵墓的主人正是消失已久的樓蘭女王\n\n政府派出一支考古隊前往調查\n但他們卻離奇的失去了聯繫\n\n於是政府秘密派遣盜墓賊再次前往\n究竟，會在裡面發現什麼……？', 28, '2022-12-12 07:34:00', '2022-12-12 07:34:00'),
(78, '河伯', '78.jpg', 4, 6, 1, 4, 5, 360, 1, 1, '2022-10-19', 1, '『一場發生在行李箱中的奇幻冒險，世界上怎麼會有那麼大的行李箱啊？\n再不逃出去，就要被永遠困在這裡了！』\n\nLoGin偵探社最近收到了一封奇怪的委託信，\n一位著急的媽媽聲稱她失蹤的16歲兒子被邪惡的科學家綁架了。(這年代還有邪惡的科學家嗎…)\n但當偵探社聯繫她時，卻又堅決否認寄出過這封信，這個案子也就不了了之…\n\n但這位媽媽突然又聯繫了偵探社表示她已潛入科學家的研究所，\n希望我們能派出偵探協助她，但一時之間實在抽不出人手…\n你看起來挺聰明的，能幫個忙嗎？', 28, '2022-12-12 07:34:00', '2022-12-12 07:34:00'),
(79, '偵訊現場', '79.jpg', 4, 6, 1, 5, 1, 400, 1, 2, '2022-10-19', 1, '傳說在百慕達三角洲一帶有一座神秘的島嶼，歷史至今為了前往島嶼的海盜、冒險家皆無一倖免，因此有著死亡島之稱。據說這個死亡島藏有許多珍貴的寶藏，還蘊含著不可思議的力量，唯有成功奪取寶藏並活著回來才能成為冒險王！', 28, '2022-12-12 07:34:00', '2022-12-12 07:34:00'),
(80, '那未了的話', '80.jpg', 4, 6, 1, 3, 6, 400, 1, 2, '2022-10-19', 1, '崖邊那棟樓房，磚瓦整齊鱗列，\n偶爾閃耀波光水紋，\n當地人稱這奇異樓房為──鱗屋。\n朝鱗屋望去，\n彷彿有股力量牽動著你們隱密的心緒，\n深入探索，\n如何在重重迷霧間選擇出可行之路呢？', 33, '2022-12-12 07:35:00', '2022-12-12 07:35:00'),
(81, '惠貞女子高校', '81.jpg', 4, 6, 2, 8, 4, 500, 1, 3, '2022-10-19', 1, '西域沙漠中\n突然出現了一座神秘的古墓\n陵墓的主人正是消失已久的樓蘭女王\n\n政府派出一支考古隊前往調查\n但他們卻離奇的失去了聯繫\n\n於是政府秘密派遣盜墓賊再次前往\n究竟，會在裡面發現什麼……？', 33, '2022-12-12 07:35:00', '2022-12-12 07:35:00'),
(82, '貪婪之城', '82.jpg', 4, 6, 2, 11, 5, 530, 1, 2, '2022-10-19', 1, '『一場發生在行李箱中的奇幻冒險，世界上怎麼會有那麼大的行李箱啊？\n再不逃出去，就要被永遠困在這裡了！』\n\nLoGin偵探社最近收到了一封奇怪的委託信，\n一位著急的媽媽聲稱她失蹤的15歲兒子被邪惡的科學家綁架了。(這年代還有邪惡的科學家嗎…)\n但當偵探社聯繫她時，卻又堅決否認寄出過這封信，這個案子也就不了了之…\n\n但這位媽媽突然又聯繫了偵探社表示她已潛入科學家的研究所，\n希望我們能派出偵探協助她，但一時之間實在抽不出人手…\n你看起來挺聰明的，能幫個忙嗎？', 33, '2022-12-12 07:35:00', '2022-12-12 07:35:00'),
(83, '人魚之森', '83.jpg', 4, 6, 2, 4, 2, 550, 1, 3, '2022-10-19', 1, '傳說在百慕達三角洲一帶有一座神秘的島嶼，歷史至今為了前往島嶼的海盜、冒險家皆無一倖免，因此有著死亡島之稱。據說這個死亡島藏有許多珍貴的寶藏，還蘊含著不可思議的力量，唯有成功奪取寶藏並活著回來才能成為冒險王！', 33, '2022-12-12 07:35:00', '2022-12-12 07:35:00'),
(84, '偶像出道', '84.jpg', 4, 6, 1, 7, 11, 600, 1, 4, '2022-10-19', 1, '崖邊那棟樓房，磚瓦整齊鱗列，\n偶爾閃耀波光水紋，\n當地人稱這奇異樓房為──鱗屋。\n朝鱗屋望去，\n彷彿有股力量牽動著你們隱密的心緒，\n深入探索，\n如何在重重迷霧間選擇出可行之路呢？', 33, '2022-12-12 07:35:00', '2022-12-12 07:35:00'),
(85, '馬雅魔方', '85.jpg', 4, 6, 4, 2, 11, 400, 1, 1, '2022-10-19', 1, '三條獨立故事線?古老遺跡場景?空間大型機關\n\n你曾聽過那迪亞嗎？\n遙遠的古文明存在著三大種族，只有走進迷霧島，你才能揭開他們最核心的秘密?\n\n??萬物神殿 – 平衡宇宙秩序，躲避空間機關陷阱\n??元素之門 – 古老礦場冒險，操控元素穿透維度\n??亞人試煉 – 團結創造生機，手腳並用進化人類\n\n各種族均有專屬領地，以不同種族身分多次登陸，解鎖改變最終結局！', 33, '2022-12-12 07:35:00', '2022-12-12 07:35:00'),
(86, '碟仙', '86.jpg', 4, 6, 2, 8, 4, 450, 1, 2, '2022-10-19', 1, '逼真場景 ? 滿分機關 ? 感人劇情\n全台唯一，實車機關\n荒郊野嶺，拾階而上\n扣人心弦，驚心挑戰\n\n六大賣點??\n全新沈浸體驗設計，玩家推動劇情發展\n獨一無二大型機關\n專業配音 聲臨其境\n高標準美術團隊打造，超擬真場景\n絕美動畫視覺特效\n真人互動，挑戰你的腎上腺', 39, '2022-12-12 07:35:00', '2022-12-12 07:35:00'),
(87, '曼陀羅', '87.jpg', 4, 6, 2, 3, 4, 600, 1, 3, '2022-10-19', 1, '西域沙漠中\n突然出現了一座神秘的古墓\n陵墓的主人正是消失已久的樓蘭女王\n\n政府派出一支考古隊前往調查\n但他們卻離奇的失去了聯繫\n\n於是政府秘密派遣盜墓賊再次前往\n究竟，會在裡面發現什麼……？', 39, '2022-12-12 07:35:00', '2022-12-12 07:35:00'),
(88, '鬼影刑恫', '88.jpg', 4, 6, 2, 7, 5, 650, 1, 3, '2022-10-19', 1, '『一場發生在行李箱中的奇幻冒險，世界上怎麼會有那麼大的行李箱啊？\n再不逃出去，就要被永遠困在這裡了！』\n\nLoGin偵探社最近收到了一封奇怪的委託信，\n一位著急的媽媽聲稱她失蹤的16歲兒子被邪惡的科學家綁架了。(這年代還有邪惡的科學家嗎…)\n但當偵探社聯繫她時，卻又堅決否認寄出過這封信，這個案子也就不了了之…\n\n但這位媽媽突然又聯繫了偵探社表示她已潛入科學家的研究所，\n希望我們能派出偵探協助她，但一時之間實在抽不出人手…\n你看起來挺聰明的，能幫個忙嗎？', 39, '2022-12-12 07:35:00', '2022-12-12 07:35:00'),
(89, '奇術師', '89.jpg', 4, 6, 2, 2, 4, 600, 1, 4, '2022-10-19', 1, '傳說在百慕達三角洲一帶有一座神秘的島嶼，歷史至今為了前往島嶼的海盜、冒險家皆無一倖免，因此有著死亡島之稱。據說這個死亡島藏有許多珍貴的寶藏，還蘊含著不可思議的力量，唯有成功奪取寶藏並活著回來才能成為冒險王！', 39, '2022-12-12 07:35:00', '2022-12-12 07:35:00'),
(90, '是不是勇者', '90.jpg', 4, 6, 2, 7, 5, 288, 1, 1, '2022-10-19', 1, '崖邊那棟樓房，磚瓦整齊鱗列，\n偶爾閃耀波光水紋，\n當地人稱這奇異樓房為──鱗屋。\n朝鱗屋望去，\n彷彿有股力量牽動著你們隱密的心緒，\n深入探索，\n如何在重重迷霧間選擇出可行之路呢？', 20, '2022-12-12 07:35:00', '2022-12-12 07:35:00'),
(91, '木柵欄裡的祕密', '91.jpg', 4, 6, 1, 11, 7, 210, 3, 4, '2022-10-19', 1, '三條獨立故事線?古老遺跡場景?空間大型機關\n\n你曾聽過那迪亞嗎？\n遙遠的古文明存在著三大種族，只有走進迷霧島，你才能揭開他們最核心的秘密?\n\n??萬物神殿 – 平衡宇宙秩序，躲避空間機關陷阱\n??元素之門 – 古老礦場冒險，操控元素穿透維度\n??亞人試煉 – 團結創造生機，手腳並用進化人類\n\n各種族均有專屬領地，以不同種族身分多次登陸，解鎖改變最終結局！', 20, '2022-12-12 07:35:00', '2022-12-12 07:35:00'),
(92, '翻箱盜櫃-2.0', '92.jpg', 4, 6, 2, 6, 2, 450, 1, 3, '2022-10-19', 1, '逼真場景 ? 滿分機關 ? 感人劇情\n全台唯一，實車機關\n荒郊野嶺，拾階而上\n扣人心弦，驚心挑戰\n\n六大賣點??\n全新沈浸體驗設計，玩家推動劇情發展\n獨一無二大型機關\n專業配音 聲臨其境\n高標準美術團隊打造，超擬真場景\n絕美動畫視覺特效\n真人互動，挑戰你的腎上腺', 20, '2022-12-12 07:35:00', '2022-12-12 07:35:00'),
(93, '小小鎮', '93.jpg', 4, 6, 1, 7, 5, 350, 1, 2, '2022-10-19', 1, '西域沙漠中\n突然出現了一座神秘的古墓\n陵墓的主人正是消失已久的樓蘭女王\n\n政府派出一支考古隊前往調查\n但他們卻離奇的失去了聯繫\n\n於是政府秘密派遣盜墓賊再次前往\n究竟，會在裡面發現什麼……？', 20, '2022-12-12 07:35:00', '2022-12-12 07:35:00'),
(94, '移神移鬼', '94.jpg', 4, 6, 3, 7, 5, 350, 1, 2, '2022-10-19', 1, '『一場發生在行李箱中的奇幻冒險，世界上怎麼會有那麼大的行李箱啊？\n再不逃出去，就要被永遠困在這裡了！』\n\nLoGin偵探社最近收到了一封奇怪的委託信，\n一位著急的媽媽聲稱她失蹤的17歲兒子被邪惡的科學家綁架了。(這年代還有邪惡的科學家嗎…)\n但當偵探社聯繫她時，卻又堅決否認寄出過這封信，這個案子也就不了了之…\n\n但這位媽媽突然又聯繫了偵探社表示她已潛入科學家的研究所，\n希望我們能派出偵探協助她，但一時之間實在抽不出人手…\n你看起來挺聰明的，能幫個忙嗎？', 26, '2022-12-12 07:35:00', '2022-12-12 07:35:00'),
(95, '即刻越獄', '95.jpg', 4, 6, 1, 11, 5, 250, 1, 1, '2022-10-19', 1, '傳說在百慕達三角洲一帶有一座神秘的島嶼，歷史至今為了前往島嶼的海盜、冒險家皆無一倖免，因此有著死亡島之稱。據說這個死亡島藏有許多珍貴的寶藏，還蘊含著不可思議的力量，唯有成功奪取寶藏並活著回來才能成為冒險王！', 26, '2022-12-12 07:35:00', '2022-12-12 07:35:00'),
(96, '塭噬', '96.jpg', 4, 6, 2, 8, 4, 700, 1, 4, '2022-10-19', 1, '崖邊那棟樓房，磚瓦整齊鱗列，\n偶爾閃耀波光水紋，\n當地人稱這奇異樓房為──鱗屋。\n朝鱗屋望去，\n彷彿有股力量牽動著你們隱密的心緒，\n深入探索，\n如何在重重迷霧間選擇出可行之路呢？', 26, '2022-12-12 07:35:00', '2022-12-12 07:35:00'),
(97, '美人秘湯', '97.jpg', 4, 6, 1, 4, 7, 650, 1, 3, '2022-10-19', 1, '西域沙漠中\n突然出現了一座神秘的古墓\n陵墓的主人正是消失已久的樓蘭女王\n\n政府派出一支考古隊前往調查\n但他們卻離奇的失去了聯繫\n\n於是政府秘密派遣盜墓賊再次前往\n究竟，會在裡面發現什麼……？', 26, '2022-12-12 07:35:00', '2022-12-12 07:35:00'),
(98, '獄言', '98.jpg', 4, 6, 2, 6, 4, 450, 1, 2, '2023-04-08', 1, '『一場發生在行李箱中的奇幻冒險，世界上怎麼會有那麼大的行李箱啊？\n再不逃出去，就要被永遠困在這裡了！』\n\nLoGin偵探社最近收到了一封奇怪的委託信，\n一位著急的媽媽聲稱她失蹤的16歲兒子被邪惡的科學家綁架了。(這年代還有邪惡的科學家嗎…)\n但當偵探社聯繫她時，卻又堅決否認寄出過這封信，這個案子也就不了了之…\n\n但這位媽媽突然又聯繫了偵探社表示她已潛入科學家的研究所，\n希望我們能派出偵探協助她，但一時之間實在抽不出人手…\n你看起來挺聰明的，能幫個忙嗎？', 26, '2022-12-12 07:35:00', '2022-12-12 07:35:00'),
(99, '櫻花暖居', '99.jpg', 4, 6, 1, 4, 8, 500, 1, 2, '2022-10-19', 1, '傳說在百慕達三角洲一帶有一座神秘的島嶼，歷史至今為了前往島嶼的海盜、冒險家皆無一倖免，因此有著死亡島之稱。據說這個死亡島藏有許多珍貴的寶藏，還蘊含著不可思議的力量，唯有成功奪取寶藏並活著回來才能成為冒險王！', 26, '2022-12-12 07:35:00', '2022-12-12 07:35:00'),
(100, '故世', '100.jpg', 4, 8, 2, 3, 8, 450, 1, 1, '2022-10-19', 1, '崖邊那棟樓房，磚瓦整齊鱗列，\n偶爾閃耀波光水紋，\n當地人稱這奇異樓房為──鱗屋。\n朝鱗屋望去，\n彷彿有股力量牽動著你們隱密的心緒，\n深入探索，\n如何在重重迷霧間選擇出可行之路呢？', 35, '2022-12-12 07:35:00', '2022-12-12 07:35:00'),
(101, '巴爾飯店-1407 ', '101.jpg', 4, 8, 2, 8, 4, 450, 1, 2, '2023-04-08', 1, '三條獨立故事線?古老遺跡場景?空間大型機關\n\n你曾聽過那迪亞嗎？\n遙遠的古文明存在著三大種族，只有走進迷霧島，你才能揭開他們最核心的秘密?\n\n??萬物神殿 – 平衡宇宙秩序，躲避空間機關陷阱\n??元素之門 – 古老礦場冒險，操控元素穿透維度\n??亞人試煉 – 團結創造生機，手腳並用進化人類\n\n各種族均有專屬領地，以不同種族身分多次登陸，解鎖改變最終結局！', 35, '2022-12-12 07:35:00', '2022-12-12 07:35:00'),
(102, '紅花', '102.jpg', 4, 8, 2, 4, 3, 800, 1, 4, '2022-10-19', 1, '逼真場景 ? 滿分機關 ? 感人劇情\n全台唯一，實車機關\n荒郊野嶺，拾階而上\n扣人心弦，驚心挑戰\n\n六大賣點??\n全新沈浸體驗設計，玩家推動劇情發展\n獨一無二大型機關\n專業配音 聲臨其境\n高標準美術團隊打造，超擬真場景\n絕美動畫視覺特效\n真人互動，挑戰你的腎上腺', 35, '2022-12-12 07:35:00', '2022-12-12 07:35:00'),
(103, '翻箱盜櫃', '103.jpg', 4, 8, 2, 2, 6, 600, 1, 3, '2022-10-19', 1, '西域沙漠中\n突然出現了一座神秘的古墓\n陵墓的主人正是消失已久的樓蘭女王\n\n政府派出一支考古隊前往調查\n但他們卻離奇的失去了聯繫\n\n於是政府秘密派遣盜墓賊再次前往\n究竟，會在裡面發現什麼……？', 35, '2022-12-12 07:35:00', '2022-12-12 07:35:00'),
(104, '吉屋出租', '104.jpg', 4, 8, 2, 8, 4, 500, 1, 2, '2022-10-19', 1, '『一場發生在行李箱中的奇幻冒險，世界上怎麼會有那麼大的行李箱啊？\n再不逃出去，就要被永遠困在這裡了！』\n\nLoGin偵探社最近收到了一封奇怪的委託信，\n一位著急的媽媽聲稱她失蹤的17歲兒子被邪惡的科學家綁架了。(這年代還有邪惡的科學家嗎…)\n但當偵探社聯繫她時，卻又堅決否認寄出過這封信，這個案子也就不了了之…\n\n但這位媽媽突然又聯繫了偵探社表示她已潛入科學家的研究所，\n希望我們能派出偵探協助她，但一時之間實在抽不出人手…\n你看起來挺聰明的，能幫個忙嗎？', 35, '2022-12-12 07:35:00', '2022-12-12 07:35:00'),
(105, '殭局', '105.jpg', 4, 8, 4, 4, 8, 500, 1, 2, '2022-10-19', 1, '傳說在百慕達三角洲一帶有一座神秘的島嶼，歷史至今為了前往島嶼的海盜、冒險家皆無一倖免，因此有著死亡島之稱。據說這個死亡島藏有許多珍貴的寶藏，還蘊含著不可思議的力量，唯有成功奪取寶藏並活著回來才能成為冒險王！', 36, '2022-12-12 07:35:00', '2022-12-12 07:35:00'),
(106, '童', '106.jpg', 4, 8, 1, 7, 12, 350, 1, 1, '2022-10-19', 1, '崖邊那棟樓房，磚瓦整齊鱗列，\n偶爾閃耀波光水紋，\n當地人稱這奇異樓房為──鱗屋。\n朝鱗屋望去，\n彷彿有股力量牽動著你們隱密的心緒，\n深入探索，\n如何在重重迷霧間選擇出可行之路呢？', 36, '2022-12-12 07:35:00', '2022-12-12 07:35:00'),
(107, '絕命旅舍', '107.jpg', 4, 8, 2, 4, 2, 500, 1, 3, '2022-10-19', 1, '三條獨立故事線?古老遺跡場景?空間大型機關\n\n你曾聽過那迪亞嗎？\n遙遠的古文明存在著三大種族，只有走進迷霧島，你才能揭開他們最核心的秘密?\n\n??萬物神殿 – 平衡宇宙秩序，躲避空間機關陷阱\n??元素之門 – 古老礦場冒險，操控元素穿透維度\n??亞人試煉 – 團結創造生機，手腳並用進化人類\n\n各種族均有專屬領地，以不同種族身分多次登陸，解鎖改變最終結局！', 36, '2022-12-12 07:35:00', '2022-12-12 07:35:00'),
(108, '惡一學園-丑時三刻', '108.jpg', 4, 8, 1, 8, 4, 350, 1, 2, '2023-04-08', 1, '逼真場景 ? 滿分機關 ? 感人劇情\n全台唯一，實車機關\n荒郊野嶺，拾階而上\n扣人心弦，驚心挑戰\n\n六大賣點??\n全新沈浸體驗設計，玩家推動劇情發展\n獨一無二大型機關\n專業配音 聲臨其境\n高標準美術團隊打造，超擬真場景\n絕美動畫視覺特效\n真人互動，挑戰你的腎上腺', 36, '2022-12-12 07:35:00', '2022-12-12 07:35:00'),
(109, '生日大餐', '109.jpg', 4, 8, 4, 8, 3, 600, 1, 4, '2022-10-19', 1, '西域沙漠中\n突然出現了一座神秘的古墓\n陵墓的主人正是消失已久的樓蘭女王\n\n政府派出一支考古隊前往調查\n但他們卻離奇的失去了聯繫\n\n於是政府秘密派遣盜墓賊再次前往\n究竟，會在裡面發現什麼……？', 36, '2022-12-12 07:35:00', '2022-12-12 07:35:00'),
(110, '童話的繼承者', '110.jpg', 4, 8, 1, 7, 4, 450, 1, 2, '2022-10-19', 1, '『一場發生在行李箱中的奇幻冒險，世界上怎麼會有那麼大的行李箱啊？\n再不逃出去，就要被永遠困在這裡了！』\n\nLoGin偵探社最近收到了一封奇怪的委託信，\n一位著急的媽媽聲稱她失蹤的18歲兒子被邪惡的科學家綁架了。(這年代還有邪惡的科學家嗎…)\n但當偵探社聯繫她時，卻又堅決否認寄出過這封信，這個案子也就不了了之…\n\n但這位媽媽突然又聯繫了偵探社表示她已潛入科學家的研究所，\n希望我們能派出偵探協助她，但一時之間實在抽不出人手…\n你看起來挺聰明的，能幫個忙嗎？', 37, '2022-12-12 07:35:00', '2022-12-12 07:35:00'),
(111, '咖波肚子痛', '111.jpg', 4, 8, 1, 7, 12, 500, 1, 3, '2022-10-19', 1, '傳說在百慕達三角洲一帶有一座神秘的島嶼，歷史至今為了前往島嶼的海盜、冒險家皆無一倖免，因此有著死亡島之稱。據說這個死亡島藏有許多珍貴的寶藏，還蘊含著不可思議的力量，唯有成功奪取寶藏並活著回來才能成為冒險王！', 37, '2022-12-12 07:35:00', '2022-12-12 07:35:00'),
(112, '奪寶令', '112.jpg', 4, 8, 2, 11, 6, 500, 1, 3, '2022-10-19', 1, '崖邊那棟樓房，磚瓦整齊鱗列，\n偶爾閃耀波光水紋，\n當地人稱這奇異樓房為──鱗屋。\n朝鱗屋望去，\n彷彿有股力量牽動著你們隱密的心緒，\n深入探索，\n如何在重重迷霧間選擇出可行之路呢？', 37, '2022-12-12 07:35:00', '2022-12-12 07:35:00'),
(113, '逆轉偵訊室', '113.jpg', 4, 8, 2, 3, 4, 400, 1, 1, '2022-10-19', 1, '西域沙漠中\n突然出現了一座神秘的古墓\n陵墓的主人正是消失已久的樓蘭女王\n\n政府派出一支考古隊前往調查\n但他們卻離奇的失去了聯繫\n\n於是政府秘密派遣盜墓賊再次前往\n究竟，會在裡面發現什麼……？', 37, '2022-12-12 07:35:00', '2022-12-12 07:35:00'),
(114, '餓夜協奏曲', '114.jpg', 4, 8, 2, 5, 7, 550, 1, 4, '2022-10-19', 1, '『一場發生在行李箱中的奇幻冒險，世界上怎麼會有那麼大的行李箱啊？\n再不逃出去，就要被永遠困在這裡了！』\n\nLoGin偵探社最近收到了一封奇怪的委託信，\n一位著急的媽媽聲稱她失蹤的17歲兒子被邪惡的科學家綁架了。(這年代還有邪惡的科學家嗎…)\n但當偵探社聯繫她時，卻又堅決否認寄出過這封信，這個案子也就不了了之…\n\n但這位媽媽突然又聯繫了偵探社表示她已潛入科學家的研究所，\n希望我們能派出偵探協助她，但一時之間實在抽不出人手…\n你看起來挺聰明的，能幫個忙嗎？', 37, '2022-12-12 07:35:00', '2022-12-12 07:35:00'),
(115, '巫毒-詛咒森林', '115.jpg', 4, 8, 1, 4, 2, 375, 1, 2, '2022-10-19', 1, '傳說在百慕達三角洲一帶有一座神秘的島嶼，歷史至今為了前往島嶼的海盜、冒險家皆無一倖免，因此有著死亡島之稱。據說這個死亡島藏有許多珍貴的寶藏，還蘊含著不可思議的力量，唯有成功奪取寶藏並活著回來才能成為冒險王！', 22, '2022-12-12 07:35:00', '2022-12-12 07:35:00'),
(116, '抓狂首映會', '116.jpg', 4, 8, 5, 14, 10, 600, 1, 4, '2022-10-19', 1, '崖邊那棟樓房，磚瓦整齊鱗列，\n偶爾閃耀波光水紋，\n當地人稱這奇異樓房為──鱗屋。\n朝鱗屋望去，\n彷彿有股力量牽動著你們隱密的心緒，\n深入探索，\n如何在重重迷霧間選擇出可行之路呢？', 22, '2022-12-12 07:35:00', '2022-12-12 07:35:00'),
(117, '傘', '117.jpg', 4, 8, 1, 8, 4, 350, 1, 2, '2022-10-19', 1, '三條獨立故事線?古老遺跡場景?空間大型機關\n\n你曾聽過那迪亞嗎？\n遙遠的古文明存在著三大種族，只有走進迷霧島，你才能揭開他們最核心的秘密?\n\n??萬物神殿 – 平衡宇宙秩序，躲避空間機關陷阱\n??元素之門 – 古老礦場冒險，操控元素穿透維度\n??亞人試煉 – 團結創造生機，手腳並用進化人類\n\n各種族均有專屬領地，以不同種族身分多次登陸，解鎖改變最終結局！', 22, '2022-12-12 07:35:00', '2022-12-12 07:35:00'),
(118, '期末考', '118.jpg', 4, 8, 2, 7, 5, 450, 1, 3, '2022-10-19', 1, '逼真場景 ? 滿分機關 ? 感人劇情\n全台唯一，實車機關\n荒郊野嶺，拾階而上\n扣人心弦，驚心挑戰\n\n六大賣點??\n全新沈浸體驗設計，玩家推動劇情發展\n獨一無二大型機關\n專業配音 聲臨其境\n高標準美術團隊打造，超擬真場景\n絕美動畫視覺特效\n真人互動，挑戰你的腎上腺', 22, '2022-12-12 07:35:00', '2022-12-12 07:35:00'),
(119, '審判者', '119.jpg', 4, 8, 1, 1, 13, 300, 1, 1, '2022-10-19', 1, '西域沙漠中\n突然出現了一座神秘的古墓\n陵墓的主人正是消失已久的樓蘭女王\n\n政府派出一支考古隊前往調查\n但他們卻離奇的失去了聯繫\n\n於是政府秘密派遣盜墓賊再次前往\n究竟，會在裡面發現什麼……？', 22, '2022-12-12 07:35:00', '2022-12-12 07:35:00'),
(120, '鬼新娘', '120.jpg', 4, 8, 2, 2, 4, 400, 1, 3, '2022-10-19', 1, '『一場發生在行李箱中的奇幻冒險，世界上怎麼會有那麼大的行李箱啊？\n再不逃出去，就要被永遠困在這裡了！』\n\nLoGin偵探社最近收到了一封奇怪的委託信，\n一位著急的媽媽聲稱她失蹤的18歲兒子被邪惡的科學家綁架了。(這年代還有邪惡的科學家嗎…)\n但當偵探社聯繫她時，卻又堅決否認寄出過這封信，這個案子也就不了了之…\n\n但這位媽媽突然又聯繫了偵探社表示她已潛入科學家的研究所，\n希望我們能派出偵探協助她，但一時之間實在抽不出人手…\n你看起來挺聰明的，能幫個忙嗎？', 23, '2022-12-12 07:35:00', '2022-12-12 07:35:00'),
(121, '跨越時空的遺產', '121.jpg', 4, 8, 2, 7, 5, 400, 1, 2, '2022-10-19', 1, '傳說在百慕達三角洲一帶有一座神秘的島嶼，歷史至今為了前往島嶼的海盜、冒險家皆無一倖免，因此有著死亡島之稱。據說這個死亡島藏有許多珍貴的寶藏，還蘊含著不可思議的力量，唯有成功奪取寶藏並活著回來才能成為冒險王！', 23, '2022-12-12 07:35:00', '2022-12-12 07:35:00'),
(122, '布蘭古堡Ｉ-疑雲', '122.jpg', 4, 8, 2, 4, 2, 400, 1, 2, '2022-10-19', 1, '崖邊那棟樓房，磚瓦整齊鱗列，\n偶爾閃耀波光水紋，\n當地人稱這奇異樓房為──鱗屋。\n朝鱗屋望去，\n彷彿有股力量牽動著你們隱密的心緒，\n深入探索，\n如何在重重迷霧間選擇出可行之路呢？', 23, '2022-12-12 07:35:00', '2022-12-12 07:35:00'),
(123, '入侵者-森林的哀嚎', '123.jpg', 4, 8, 2, 4, 2, 380, 1, 1, '2023-04-08', 1, '三條獨立故事線?古老遺跡場景?空間大型機關\n\n你曾聽過那迪亞嗎？\n遙遠的古文明存在著三大種族，只有走進迷霧島，你才能揭開他們最核心的秘密?\n\n??萬物神殿 – 平衡宇宙秩序，躲避空間機關陷阱\n??元素之門 – 古老礦場冒險，操控元素穿透維度\n??亞人試煉 – 團結創造生機，手腳並用進化人類\n\n各種族均有專屬領地，以不同種族身分多次登陸，解鎖改變最終結局！', 23, '2022-12-12 07:35:00', '2022-12-12 07:35:00'),
(124, '伯爵X的委託二', '124.jpg', 4, 8, 2, 1, 6, 380, 1, 1, '2022-10-19', 1, '逼真場景 ? 滿分機關 ? 感人劇情\n全台唯一，實車機關\n荒郊野嶺，拾階而上\n扣人心弦，驚心挑戰\n\n六大賣點??\n全新沈浸體驗設計，玩家推動劇情發展\n獨一無二大型機關\n專業配音 聲臨其境\n高標準美術團隊打造，超擬真場景\n絕美動畫視覺特效\n真人互動，挑戰你的腎上腺', 23, '2022-12-12 07:35:00', '2022-12-12 07:35:00'),
(125, '交替', '125.jpg', 4, 8, 1, 8, 4, 400, 1, 2, '2022-10-19', 1, '西域沙漠中\n突然出現了一座神秘的古墓\n陵墓的主人正是消失已久的樓蘭女王\n\n政府派出一支考古隊前往調查\n但他們卻離奇的失去了聯繫\n\n於是政府秘密派遣盜墓賊再次前往\n究竟，會在裡面發現什麼……？', 40, '2022-12-12 07:35:00', '2022-12-12 07:35:00'),
(126, '森林之心', '126.jpg', 4, 8, 1, 4, 7, 300, 1, 1, '2022-10-19', 1, '『一場發生在行李箱中的奇幻冒險，世界上怎麼會有那麼大的行李箱啊？\n再不逃出去，就要被永遠困在這裡了！』\n\nLoGin偵探社最近收到了一封奇怪的委託信，\n一位著急的媽媽聲稱她失蹤的19歲兒子被邪惡的科學家綁架了。(這年代還有邪惡的科學家嗎…)\n但當偵探社聯繫她時，卻又堅決否認寄出過這封信，這個案子也就不了了之…\n\n但這位媽媽突然又聯繫了偵探社表示她已潛入科學家的研究所，\n希望我們能派出偵探協助她，但一時之間實在抽不出人手…\n你看起來挺聰明的，能幫個忙嗎？', 40, '2022-12-12 07:35:00', '2022-12-12 07:35:00'),
(127, '理髮師-陶德卡特', '127.jpg', 4, 8, 2, 4, 3, 500, 1, 3, '2022-10-19', 1, '傳說在百慕達三角洲一帶有一座神秘的島嶼，歷史至今為了前往島嶼的海盜、冒險家皆無一倖免，因此有著死亡島之稱。據說這個死亡島藏有許多珍貴的寶藏，還蘊含著不可思議的力量，唯有成功奪取寶藏並活著回來才能成為冒險王！', 40, '2022-12-12 07:35:00', '2022-12-12 07:35:00'),
(128, '盜月筆記', '128.jpg', 4, 8, 1, 4, 6, 500, 1, 3, '2022-10-19', 1, '崖邊那棟樓房，磚瓦整齊鱗列，\n偶爾閃耀波光水紋，\n當地人稱這奇異樓房為──鱗屋。\n朝鱗屋望去，\n彷彿有股力量牽動著你們隱密的心緒，\n深入探索，\n如何在重重迷霧間選擇出可行之路呢？', 40, '2022-12-12 07:35:00', '2022-12-12 07:35:00'),
(129, '盜義有道', '129.jpg', 4, 8, 3, 2, 5, 300, 1, 1, '2023-04-08', 1, '西域沙漠中\n突然出現了一座神秘的古墓\n陵墓的主人正是消失已久的樓蘭女王\n\n政府派出一支考古隊前往調查\n但他們卻離奇的失去了聯繫\n\n於是政府秘密派遣盜墓賊再次前往\n究竟，會在裡面發現什麼……？', 40, '2022-12-12 07:35:00', '2022-12-12 07:35:00'),
(130, '冥古屋', '130.jpg', 4, 10, 1, 7, 2, 625, 1, 4, '2022-10-19', 1, '『一場發生在行李箱中的奇幻冒險，世界上怎麼會有那麼大的行李箱啊？\n再不逃出去，就要被永遠困在這裡了！』\n\nLoGin偵探社最近收到了一封奇怪的委託信，\n一位著急的媽媽聲稱她失蹤的18歲兒子被邪惡的科學家綁架了。(這年代還有邪惡的科學家嗎…)\n但當偵探社聯繫她時，卻又堅決否認寄出過這封信，這個案子也就不了了之…\n\n但這位媽媽突然又聯繫了偵探社表示她已潛入科學家的研究所，\n希望我們能派出偵探協助她，但一時之間實在抽不出人手…\n你看起來挺聰明的，能幫個忙嗎？', 2, '2022-12-12 07:35:00', '2022-12-12 07:35:00'),
(131, '前哨戰－走私對決', '131.jpg', 4, 10, 2, 10, 13, 500, 1, 3, '2022-10-19', 1, '傳說在百慕達三角洲一帶有一座神秘的島嶼，歷史至今為了前往島嶼的海盜、冒險家皆無一倖免，因此有著死亡島之稱。據說這個死亡島藏有許多珍貴的寶藏，還蘊含著不可思議的力量，唯有成功奪取寶藏並活著回來才能成為冒險王！', 2, '2022-12-12 07:35:00', '2022-12-12 07:35:00'),
(132, '布蘭古堡ＩＩ-鬼影', '132.jpg', 4, 10, 2, 4, 2, 400, 1, 1, '2022-10-19', 1, '崖邊那棟樓房，磚瓦整齊鱗列，\n偶爾閃耀波光水紋，\n當地人稱這奇異樓房為──鱗屋。\n朝鱗屋望去，\n彷彿有股力量牽動著你們隱密的心緒，\n深入探索，\n如何在重重迷霧間選擇出可行之路呢？', 2, '2022-12-12 07:35:00', '2022-12-12 07:35:00'),
(133, '那維亞之章', '133.jpg', 4, 10, 2, 11, 6, 500, 1, 2, '2022-10-19', 1, '三條獨立故事線?古老遺跡場景?空間大型機關\n\n你曾聽過那迪亞嗎？\n遙遠的古文明存在著三大種族，只有走進迷霧島，你才能揭開他們最核心的秘密?\n\n??萬物神殿 – 平衡宇宙秩序，躲避空間機關陷阱\n??元素之門 – 古老礦場冒險，操控元素穿透維度\n??亞人試煉 – 團結創造生機，手腳並用進化人類\n\n各種族均有專屬領地，以不同種族身分多次登陸，解鎖改變最終結局！', 2, '2022-12-12 07:35:00', '2022-12-12 07:35:00'),
(134, '羅莎初章', '134.jpg', 4, 10, 2, 1, 6, 400, 1, 2, '2022-10-19', 1, '逼真場景 ? 滿分機關 ? 感人劇情\n全台唯一，實車機關\n荒郊野嶺，拾階而上\n扣人心弦，驚心挑戰\n\n六大賣點??\n全新沈浸體驗設計，玩家推動劇情發展\n獨一無二大型機關\n專業配音 聲臨其境\n高標準美術團隊打造，超擬真場景\n絕美動畫視覺特效\n真人互動，挑戰你的腎上腺', 2, '2022-12-12 07:35:00', '2022-12-12 07:35:00'),
(135, '搜索令', '135.jpg', 4, 10, 2, 8, 9, 500, 1, 3, '2022-10-19', 1, '西域沙漠中\n突然出現了一座神秘的古墓\n陵墓的主人正是消失已久的樓蘭女王\n\n政府派出一支考古隊前往調查\n但他們卻離奇的失去了聯繫\n\n於是政府秘密派遣盜墓賊再次前往\n究竟，會在裡面發現什麼……？', 2, '2022-12-12 07:35:00', '2022-12-12 07:35:00'),
(136, '鎮龍脈', '136.jpg', 4, 10, 1, 2, 5, 500, 1, 2, '2022-10-19', 1, '『一場發生在行李箱中的奇幻冒險，世界上怎麼會有那麼大的行李箱啊？\n再不逃出去，就要被永遠困在這裡了！』\n\nLoGin偵探社最近收到了一封奇怪的委託信，\n一位著急的媽媽聲稱她失蹤的19歲兒子被邪惡的科學家綁架了。(這年代還有邪惡的科學家嗎…)\n但當偵探社聯繫她時，卻又堅決否認寄出過這封信，這個案子也就不了了之…\n\n但這位媽媽突然又聯繫了偵探社表示她已潛入科學家的研究所，\n希望我們能派出偵探協助她，但一時之間實在抽不出人手…\n你看起來挺聰明的，能幫個忙嗎？', 3, '2022-12-12 07:35:00', '2022-12-12 07:35:00'),
(137, '第九夜', '137.jpg', 4, 10, 2, 3, 6, 500, 1, 2, '2022-10-19', 1, '傳說在百慕達三角洲一帶有一座神秘的島嶼，歷史至今為了前往島嶼的海盜、冒險家皆無一倖免，因此有著死亡島之稱。據說這個死亡島藏有許多珍貴的寶藏，還蘊含著不可思議的力量，唯有成功奪取寶藏並活著回來才能成為冒險王！', 3, '2022-12-12 07:35:00', '2022-12-12 07:35:00'),
(138, '野獸之心', '138.jpg', 4, 10, 4, 4, 3, 500, 1, 3, '2022-10-19', 1, '崖邊那棟樓房，磚瓦整齊鱗列，\n偶爾閃耀波光水紋，\n當地人稱這奇異樓房為──鱗屋。\n朝鱗屋望去，\n彷彿有股力量牽動著你們隱密的心緒，\n深入探索，\n如何在重重迷霧間選擇出可行之路呢？', 3, '2022-12-12 07:35:00', '2022-12-12 07:35:00'),
(139, '奎蕾精神病院', '139.jpg', 4, 10, 1, 4, 8, 500, 1, 2, '2022-10-19', 1, '三條獨立故事線?古老遺跡場景?空間大型機關\n\n你曾聽過那迪亞嗎？\n遙遠的古文明存在著三大種族，只有走進迷霧島，你才能揭開他們最核心的秘密?\n\n??萬物神殿 – 平衡宇宙秩序，躲避空間機關陷阱\n??元素之門 – 古老礦場冒險，操控元素穿透維度\n??亞人試煉 – 團結創造生機，手腳並用進化人類\n\n各種族均有專屬領地，以不同種族身分多次登陸，解鎖改變最終結局！', 3, '2022-12-12 07:35:00', '2022-12-12 07:35:00'),
(140, '制裁者', '140.jpg', 6, 8, 2, 3, 5, 400, 3, 4, '2022-10-19', 1, '逼真場景 ? 滿分機關 ? 感人劇情\n全台唯一，實車機關\n荒郊野嶺，拾階而上\n扣人心弦，驚心挑戰\n\n六大賣點??\n全新沈浸體驗設計，玩家推動劇情發展\n獨一無二大型機關\n專業配音 聲臨其境\n高標準美術團隊打造，超擬真場景\n絕美動畫視覺特效\n真人互動，挑戰你的腎上腺', 3, '2022-12-12 07:35:00', '2022-12-12 07:35:00'),
(141, '解鑰', '141.jpg', 6, 8, 1, 11, 5, 300, 1, 1, '2022-10-19', 1, '西域沙漠中\n突然出現了一座神秘的古墓\n陵墓的主人正是消失已久的樓蘭女王\n\n政府派出一支考古隊前往調查\n但他們卻離奇的失去了聯繫\n\n於是政府秘密派遣盜墓賊再次前往\n究竟，會在裡面發現什麼……？', 11, '2022-12-12 07:36:00', '2022-12-12 07:36:00'),
(142, '嬰魂嚇水道', '142.jpg', 6, 8, 2, 2, 4, 500, 1, 4, '2022-10-19', 1, '『一場發生在行李箱中的奇幻冒險，世界上怎麼會有那麼大的行李箱啊？\n再不逃出去，就要被永遠困在這裡了！』\n\nLoGin偵探社最近收到了一封奇怪的委託信，\n一位著急的媽媽聲稱她失蹤的20歲兒子被邪惡的科學家綁架了。(這年代還有邪惡的科學家嗎…)\n但當偵探社聯繫她時，卻又堅決否認寄出過這封信，這個案子也就不了了之…\n\n但這位媽媽突然又聯繫了偵探社表示她已潛入科學家的研究所，\n希望我們能派出偵探協助她，但一時之間實在抽不出人手…\n你看起來挺聰明的，能幫個忙嗎？', 11, '2022-12-12 07:36:00', '2022-12-12 07:36:00'),
(143, '屍控邊緣', '143.jpg', 6, 8, 1, 9, 4, 350, 1, 1, '2022-10-19', 1, '傳說在百慕達三角洲一帶有一座神秘的島嶼，歷史至今為了前往島嶼的海盜、冒險家皆無一倖免，因此有著死亡島之稱。據說這個死亡島藏有許多珍貴的寶藏，還蘊含著不可思議的力量，唯有成功奪取寶藏並活著回來才能成為冒險王！', 11, '2022-12-12 07:36:00', '2022-12-12 07:36:00'),
(144, '被神遺棄的女孩', '144.jpg', 6, 8, 2, 8, 4, 400, 1, 2, '2022-10-19', 1, '崖邊那棟樓房，磚瓦整齊鱗列，\n偶爾閃耀波光水紋，\n當地人稱這奇異樓房為──鱗屋。\n朝鱗屋望去，\n彷彿有股力量牽動著你們隱密的心緒，\n深入探索，\n如何在重重迷霧間選擇出可行之路呢？', 11, '2022-12-12 07:36:00', '2022-12-12 07:36:00'),
(145, '逃出火箭隊R', '145.jpg', 6, 8, 2, 7, 5, 450, 1, 3, '2022-10-19', 1, '西域沙漠中\n突然出現了一座神秘的古墓\n陵墓的主人正是消失已久的樓蘭女王\n\n政府派出一支考古隊前往調查\n但他們卻離奇的失去了聯繫\n\n於是政府秘密派遣盜墓賊再次前往\n究竟，會在裡面發現什麼……？', 11, '2022-12-12 07:36:00', '2022-12-12 07:36:00'),
(146, '嚇水道', '146.jpg', 6, 8, 3, 8, 4, 400, 1, 2, '2023-04-08', 1, '『一場發生在行李箱中的奇幻冒險，世界上怎麼會有那麼大的行李箱啊？\n再不逃出去，就要被永遠困在這裡了！』\n\nLoGin偵探社最近收到了一封奇怪的委託信，\n一位著急的媽媽聲稱她失蹤的19歲兒子被邪惡的科學家綁架了。(這年代還有邪惡的科學家嗎…)\n但當偵探社聯繫她時，卻又堅決否認寄出過這封信，這個案子也就不了了之…\n\n但這位媽媽突然又聯繫了偵探社表示她已潛入科學家的研究所，\n希望我們能派出偵探協助她，但一時之間實在抽不出人手…\n你看起來挺聰明的，能幫個忙嗎？', 11, '2022-12-12 07:36:00', '2022-12-12 07:36:00'),
(147, '翻箱盜櫃-上鎖的靈感', '147.jpg', 6, 8, 2, 2, 4, 380, 1, 2, '2022-10-19', 1, '傳說在百慕達三角洲一帶有一座神秘的島嶼，歷史至今為了前往島嶼的海盜、冒險家皆無一倖免，因此有著死亡島之稱。據說這個死亡島藏有許多珍貴的寶藏，還蘊含著不可思議的力量，唯有成功奪取寶藏並活著回來才能成為冒險王！', 12, '2022-12-12 07:36:00', '2022-12-12 07:36:00'),
(148, '伊甸I-亞當覺醒', '148.jpg', 6, 8, 3, 6, 10, 600, 1, 4, '2022-10-19', 1, '崖邊那棟樓房，磚瓦整齊鱗列，\n偶爾閃耀波光水紋，\n當地人稱這奇異樓房為──鱗屋。\n朝鱗屋望去，\n彷彿有股力量牽動著你們隱密的心緒，\n深入探索，\n如何在重重迷霧間選擇出可行之路呢？', 12, '2022-12-12 07:36:00', '2022-12-12 07:36:00'),
(149, '霸王', '149.jpg', 6, 8, 2, 4, 6, 300, 1, 1, '2022-10-19', 1, '三條獨立故事線?古老遺跡場景?空間大型機關\n\n你曾聽過那迪亞嗎？\n遙遠的古文明存在著三大種族，只有走進迷霧島，你才能揭開他們最核心的秘密?\n\n??萬物神殿 – 平衡宇宙秩序，躲避空間機關陷阱\n??元素之門 – 古老礦場冒險，操控元素穿透維度\n??亞人試煉 – 團結創造生機，手腳並用進化人類\n\n各種族均有專屬領地，以不同種族身分多次登陸，解鎖改變最終結局！', 12, '2022-12-12 07:36:00', '2022-12-12 07:36:00'),
(150, '瞞天越獄', '150.jpg', 6, 8, 1, 11, 5, 500, 1, 3, '2022-10-19', 1, '逼真場景 ? 滿分機關 ? 感人劇情\n全台唯一，實車機關\n荒郊野嶺，拾階而上\n扣人心弦，驚心挑戰\n\n六大賣點??\n全新沈浸體驗設計，玩家推動劇情發展\n獨一無二大型機關\n專業配音 聲臨其境\n高標準美術團隊打造，超擬真場景\n絕美動畫視覺特效\n真人互動，挑戰你的腎上腺', 12, '2022-12-12 07:36:00', '2022-12-12 07:36:00'),
(151, '奪命鎖鏈1', '151.jpg', 6, 8, 1, 11, 6, 400, 1, 2, '2022-10-19', 1, '西域沙漠中\n突然出現了一座神秘的古墓\n陵墓的主人正是消失已久的樓蘭女王\n\n政府派出一支考古隊前往調查\n但他們卻離奇的失去了聯繫\n\n於是政府秘密派遣盜墓賊再次前往\n究竟，會在裡面發現什麼……？', 13, '2022-12-12 07:36:00', '2022-12-12 07:36:00'),
(152, '聊齋奇遇', '152.jpg', 6, 8, 1, 2, 4, 330, 1, 1, '2022-10-19', 1, '『一場發生在行李箱中的奇幻冒險，世界上怎麼會有那麼大的行李箱啊？\n再不逃出去，就要被永遠困在這裡了！』\n\nLoGin偵探社最近收到了一封奇怪的委託信，\n一位著急的媽媽聲稱她失蹤的20歲兒子被邪惡的科學家綁架了。(這年代還有邪惡的科學家嗎…)\n但當偵探社聯繫她時，卻又堅決否認寄出過這封信，這個案子也就不了了之…\n\n但這位媽媽突然又聯繫了偵探社表示她已潛入科學家的研究所，\n希望我們能派出偵探協助她，但一時之間實在抽不出人手…\n你看起來挺聰明的，能幫個忙嗎？', 13, '2022-12-12 07:36:00', '2022-12-12 07:36:00'),
(153, '陰緣', '153.jpg', 6, 8, 2, 8, 4, 600, 1, 2, '2022-10-19', 1, '傳說在百慕達三角洲一帶有一座神秘的島嶼，歷史至今為了前往島嶼的海盜、冒險家皆無一倖免，因此有著死亡島之稱。據說這個死亡島藏有許多珍貴的寶藏，還蘊含著不可思議的力量，唯有成功奪取寶藏並活著回來才能成為冒險王！', 13, '2022-12-12 07:36:00', '2022-12-12 07:36:00'),
(154, '符藝思盒', '154.jpg', 6, 8, 1, 7, 5, 400, 1, 2, '2023-04-08', 1, '崖邊那棟樓房，磚瓦整齊鱗列，\n偶爾閃耀波光水紋，\n當地人稱這奇異樓房為──鱗屋。\n朝鱗屋望去，\n彷彿有股力量牽動著你們隱密的心緒，\n深入探索，\n如何在重重迷霧間選擇出可行之路呢？', 13, '2022-12-12 07:36:00', '2022-12-12 07:36:00'),
(155, '淡水-1884', '155.jpg', 6, 8, 4, 11, 6, 210, 3, 3, '2022-10-19', 1, '三條獨立故事線?古老遺跡場景?空間大型機關\n\n你曾聽過那迪亞嗎？\n遙遠的古文明存在著三大種族，只有走進迷霧島，你才能揭開他們最核心的秘密?\n\n??萬物神殿 – 平衡宇宙秩序，躲避空間機關陷阱\n??元素之門 – 古老礦場冒險，操控元素穿透維度\n??亞人試煉 – 團結創造生機，手腳並用進化人類\n\n各種族均有專屬領地，以不同種族身分多次登陸，解鎖改變最終結局！', 13, '2022-12-12 07:36:00', '2022-12-12 07:36:00'),
(156, '伯爵X的委託', '156.jpg', 6, 8, 1, 1, 3, 290, 2, 3, '2022-10-19', 1, '逼真場景 ? 滿分機關 ? 感人劇情\n全台唯一，實車機關\n荒郊野嶺，拾階而上\n扣人心弦，驚心挑戰\n\n六大賣點??\n全新沈浸體驗設計，玩家推動劇情發展\n獨一無二大型機關\n專業配音 聲臨其境\n高標準美術團隊打造，超擬真場景\n絕美動畫視覺特效\n真人互動，挑戰你的腎上腺', 15, '2022-12-12 07:36:00', '2022-12-12 07:36:00'),
(157, '失落的隕石神殿', '157.jpg', 6, 8, 2, 2, 6, 280, 1, 1, '2022-10-19', 1, '西域沙漠中\n突然出現了一座神秘的古墓\n陵墓的主人正是消失已久的樓蘭女王\n\n政府派出一支考古隊前往調查\n但他們卻離奇的失去了聯繫\n\n於是政府秘密派遣盜墓賊再次前往\n究竟，會在裡面發現什麼……？', 15, '2022-12-12 07:36:00', '2022-12-12 07:36:00'),
(158, '小偷培訓班', '158.jpg', 6, 8, 2, 4, 7, 650, 1, 4, '2022-10-19', 1, '『一場發生在行李箱中的奇幻冒險，世界上怎麼會有那麼大的行李箱啊？\n再不逃出去，就要被永遠困在這裡了！』\n\nLoGin偵探社最近收到了一封奇怪的委託信，\n一位著急的媽媽聲稱她失蹤的21歲兒子被邪惡的科學家綁架了。(這年代還有邪惡的科學家嗎…)\n但當偵探社聯繫她時，卻又堅決否認寄出過這封信，這個案子也就不了了之…\n\n但這位媽媽突然又聯繫了偵探社表示她已潛入科學家的研究所，\n希望我們能派出偵探協助她，但一時之間實在抽不出人手…\n你看起來挺聰明的，能幫個忙嗎？', 15, '2022-12-12 07:36:00', '2022-12-12 07:36:00'),
(159, '娃娃', '159.jpg', 6, 8, 1, 8, 4, 400, 1, 2, '2022-10-19', 1, '傳說在百慕達三角洲一帶有一座神秘的島嶼，歷史至今為了前往島嶼的海盜、冒險家皆無一倖免，因此有著死亡島之稱。據說這個死亡島藏有許多珍貴的寶藏，還蘊含著不可思議的力量，唯有成功奪取寶藏並活著回來才能成為冒險王！', 15, '2022-12-12 07:36:00', '2022-12-12 07:36:00'),
(160, '龍劫', '160.jpg', 6, 8, 2, 7, 6, 475, 1, 3, '2022-10-19', 1, '崖邊那棟樓房，磚瓦整齊鱗列，\n偶爾閃耀波光水紋，\n當地人稱這奇異樓房為──鱗屋。\n朝鱗屋望去，\n彷彿有股力量牽動著你們隱密的心緒，\n深入探索，\n如何在重重迷霧間選擇出可行之路呢？', 15, '2022-12-12 07:36:00', '2022-12-12 07:36:00'),
(161, '賭婪?', '161.jpg', 6, 8, 1, 7, 11, 600, 1, 4, '2022-10-19', 1, '西域沙漠中\n突然出現了一座神秘的古墓\n陵墓的主人正是消失已久的樓蘭女王\n\n政府派出一支考古隊前往調查\n但他們卻離奇的失去了聯繫\n\n於是政府秘密派遣盜墓賊再次前往\n究竟，會在裡面發現什麼……？', 27, '2022-12-12 07:36:00', '2022-12-12 07:36:00'),
(162, '邪咒曲', '162.jpg', 6, 8, 3, 8, 4, 300, 1, 1, '2022-10-19', 1, '『一場發生在行李箱中的奇幻冒險，世界上怎麼會有那麼大的行李箱啊？\n再不逃出去，就要被永遠困在這裡了！』\n\nLoGin偵探社最近收到了一封奇怪的委託信，\n一位著急的媽媽聲稱她失蹤的20歲兒子被邪惡的科學家綁架了。(這年代還有邪惡的科學家嗎…)\n但當偵探社聯繫她時，卻又堅決否認寄出過這封信，這個案子也就不了了之…\n\n但這位媽媽突然又聯繫了偵探社表示她已潛入科學家的研究所，\n希望我們能派出偵探協助她，但一時之間實在抽不出人手…\n你看起來挺聰明的，能幫個忙嗎？', 27, '2022-12-12 07:36:00', '2022-12-12 07:36:00'),
(163, '囑', '163.jpg', 6, 8, 1, 4, 8, 550, 1, 3, '2022-10-19', 1, '傳說在百慕達三角洲一帶有一座神秘的島嶼，歷史至今為了前往島嶼的海盜、冒險家皆無一倖免，因此有著死亡島之稱。據說這個死亡島藏有許多珍貴的寶藏，還蘊含著不可思議的力量，唯有成功奪取寶藏並活著回來才能成為冒險王！', 27, '2022-12-12 07:36:00', '2022-12-12 07:36:00'),
(164, '玩具驚魂夜', '164.jpg', 6, 8, 2, 7, 11, 400, 1, 2, '2022-10-19', 1, '崖邊那棟樓房，磚瓦整齊鱗列，\n偶爾閃耀波光水紋，\n當地人稱這奇異樓房為──鱗屋。\n朝鱗屋望去，\n彷彿有股力量牽動著你們隱密的心緒，\n深入探索，\n如何在重重迷霧間選擇出可行之路呢？', 27, '2022-12-12 07:36:00', '2022-12-12 07:36:00'),
(165, '尋夢少女', '165.jpg', 6, 8, 1, 2, 11, 500, 1, 3, '2022-10-19', 1, '三條獨立故事線?古老遺跡場景?空間大型機關\n\n你曾聽過那迪亞嗎？\n遙遠的古文明存在著三大種族，只有走進迷霧島，你才能揭開他們最核心的秘密?\n\n??萬物神殿 – 平衡宇宙秩序，躲避空間機關陷阱\n??元素之門 – 古老礦場冒險，操控元素穿透維度\n??亞人試煉 – 團結創造生機，手腳並用進化人類\n\n各種族均有專屬領地，以不同種族身分多次登陸，解鎖改變最終結局！', 14, '2022-12-12 07:36:00', '2022-12-12 07:36:00'),
(166, '囚生', 'undefined', 6, 8, 1, 11, 6, 450, 1, 2, '2022-10-19', 0, '逼真場景 ? 滿分機關 ? 感人劇情\n全台唯一，實車機關\n荒郊野嶺，拾階而上\n扣人心弦，驚心挑戰\n\n六大賣點??\n全新沈浸體驗設計，玩家推動劇情發展\n獨一無二大型機關\n專業配音 聲臨其境\n高標準美術團隊打造，超擬真場景\n絕美動畫視覺特效\n真人互動，挑戰你的腎上腺', 14, '2022-12-12 07:36:00', '2023-03-12 13:10:33'),
(167, '歸宿', '167.jpg', 6, 8, 1, 3, 2, 550, 1, 4, '2022-10-19', 1, '西域沙漠中\n突然出現了一座神秘的古墓\n陵墓的主人正是消失已久的樓蘭女王\n\n政府派出一支考古隊前往調查\n但他們卻離奇的失去了聯繫\n\n於是政府秘密派遣盜墓賊再次前往\n究竟，會在裡面發現什麼……？', 14, '2022-12-12 07:36:00', '2022-12-12 07:36:00'),
(168, '陷阱舞台', '168.jpg', 6, 8, 5, 11, 5, 200, 1, 1, '2022-10-19', 1, '『一場發生在行李箱中的奇幻冒險，世界上怎麼會有那麼大的行李箱啊？\n再不逃出去，就要被永遠困在這裡了！』\n\nLoGin偵探社最近收到了一封奇怪的委託信，\n一位著急的媽媽聲稱她失蹤的21歲兒子被邪惡的科學家綁架了。(這年代還有邪惡的科學家嗎…)\n但當偵探社聯繫她時，卻又堅決否認寄出過這封信，這個案子也就不了了之…\n\n但這位媽媽突然又聯繫了偵探社表示她已潛入科學家的研究所，\n希望我們能派出偵探協助她，但一時之間實在抽不出人手…\n你看起來挺聰明的，能幫個忙嗎？', 14, '2022-12-12 07:36:00', '2022-12-12 07:36:00'),
(169, '莎士比亞的邀請', '169.jpg', 6, 8, 1, 3, 4, 450, 1, 3, '2023-04-08', 1, '傳說在百慕達三角洲一帶有一座神秘的島嶼，歷史至今為了前往島嶼的海盜、冒險家皆無一倖免，因此有著死亡島之稱。據說這個死亡島藏有許多珍貴的寶藏，還蘊含著不可思議的力量，唯有成功奪取寶藏並活著回來才能成為冒險王！', 14, '2022-12-12 07:36:00', '2022-12-12 07:36:00'),
(170, '夜蒐樓靜', '170.jpg', 6, 10, 1, 4, 1, 500, 2, 4, '2022-10-19', 1, '崖邊那棟樓房，磚瓦整齊鱗列，\n偶爾閃耀波光水紋，\n當地人稱這奇異樓房為──鱗屋。\n朝鱗屋望去，\n彷彿有股力量牽動著你們隱密的心緒，\n深入探索，\n如何在重重迷霧間選擇出可行之路呢？', 18, '2022-12-12 07:36:00', '2022-12-12 07:36:00'),
(171, '深夜拉麵舖', '171.jpg', 6, 10, 1, 7, 4, 450, 1, 2, '2022-10-19', 1, '三條獨立故事線?古老遺跡場景?空間大型機關\n\n你曾聽過那迪亞嗎？\n遙遠的古文明存在著三大種族，只有走進迷霧島，你才能揭開他們最核心的秘密?\n\n??萬物神殿 – 平衡宇宙秩序，躲避空間機關陷阱\n??元素之門 – 古老礦場冒險，操控元素穿透維度\n??亞人試煉 – 團結創造生機，手腳並用進化人類\n\n各種族均有專屬領地，以不同種族身分多次登陸，解鎖改變最終結局！', 18, '2022-12-12 07:36:00', '2022-12-12 07:36:00'),
(172, '超机大冒險', '172.jpg', 6, 10, 3, 7, 5, 500, 1, 3, '2022-10-19', 1, '逼真場景 ? 滿分機關 ? 感人劇情\n全台唯一，實車機關\n荒郊野嶺，拾階而上\n扣人心弦，驚心挑戰\n\n六大賣點??\n全新沈浸體驗設計，玩家推動劇情發展\n獨一無二大型機關\n專業配音 聲臨其境\n高標準美術團隊打造，超擬真場景\n絕美動畫視覺特效\n真人互動，挑戰你的腎上腺', 18, '2022-12-12 07:36:00', '2022-12-12 07:36:00'),
(173, '稻荷之歌', '173.jpg', 6, 10, 1, 4, 7, 250, 1, 1, '2022-10-19', 1, '西域沙漠中\n突然出現了一座神秘的古墓\n陵墓的主人正是消失已久的樓蘭女王\n\n政府派出一支考古隊前往調查\n但他們卻離奇的失去了聯繫\n\n於是政府秘密派遣盜墓賊再次前往\n究竟，會在裡面發現什麼……？', 18, '2022-12-12 07:36:00', '2022-12-12 07:36:00'),
(174, '山中小屋', '174.jpg', 6, 10, 2, 1, 3, 400, 1, 2, '2022-10-19', 1, '『一場發生在行李箱中的奇幻冒險，世界上怎麼會有那麼大的行李箱啊？\n再不逃出去，就要被永遠困在這裡了！』\n\nLoGin偵探社最近收到了一封奇怪的委託信，\n一位著急的媽媽聲稱她失蹤的22歲兒子被邪惡的科學家綁架了。(這年代還有邪惡的科學家嗎…)\n但當偵探社聯繫她時，卻又堅決否認寄出過這封信，這個案子也就不了了之…\n\n但這位媽媽突然又聯繫了偵探社表示她已潛入科學家的研究所，\n希望我們能派出偵探協助她，但一時之間實在抽不出人手…\n你看起來挺聰明的，能幫個忙嗎？', 18, '2022-12-12 07:36:00', '2022-12-12 07:36:00'),
(175, '水獄逃脫', '175.jpg', 6, 10, 2, 2, 7, 550, 1, 3, '2022-10-19', 1, '傳說在百慕達三角洲一帶有一座神秘的島嶼，歷史至今為了前往島嶼的海盜、冒險家皆無一倖免，因此有著死亡島之稱。據說這個死亡島藏有許多珍貴的寶藏，還蘊含著不可思議的力量，唯有成功奪取寶藏並活著回來才能成為冒險王！', 18, '2022-12-12 07:36:00', '2022-12-12 07:36:00'),
(176, '尋貓啟事', '176.jpg', 6, 10, 1, 7, 5, 350, 1, 2, '2022-10-19', 1, '崖邊那棟樓房，磚瓦整齊鱗列，\n偶爾閃耀波光水紋，\n當地人稱這奇異樓房為──鱗屋。\n朝鱗屋望去，\n彷彿有股力量牽動著你們隱密的心緒，\n深入探索，\n如何在重重迷霧間選擇出可行之路呢？', 24, '2022-12-12 07:36:00', '2022-12-12 07:36:00'),
(177, '迷屍森林', '177.jpg', 6, 10, 3, 8, 3, 400, 1, 3, '2022-10-19', 1, '西域沙漠中\n突然出現了一座神秘的古墓\n陵墓的主人正是消失已久的樓蘭女王\n\n政府派出一支考古隊前往調查\n但他們卻離奇的失去了聯繫\n\n於是政府秘密派遣盜墓賊再次前往\n究竟，會在裡面發現什麼……？', 24, '2022-12-12 07:36:00', '2022-12-12 07:36:00'),
(178, '花見小路', '178.jpg', 6, 10, 1, 4, 7, 450, 1, 3, '2023-04-08', 1, '『一場發生在行李箱中的奇幻冒險，世界上怎麼會有那麼大的行李箱啊？\n再不逃出去，就要被永遠困在這裡了！』\n\nLoGin偵探社最近收到了一封奇怪的委託信，\n一位著急的媽媽聲稱她失蹤的21歲兒子被邪惡的科學家綁架了。(這年代還有邪惡的科學家嗎…)\n但當偵探社聯繫她時，卻又堅決否認寄出過這封信，這個案子也就不了了之…\n\n但這位媽媽突然又聯繫了偵探社表示她已潛入科學家的研究所，\n希望我們能派出偵探協助她，但一時之間實在抽不出人手…\n你看起來挺聰明的，能幫個忙嗎？', 24, '2022-12-12 07:36:00', '2022-12-12 07:36:00'),
(179, '浮士德家的後院', '179.jpg', 6, 10, 2, 2, 4, 290, 1, 1, '2023-04-08', 1, '傳說在百慕達三角洲一帶有一座神秘的島嶼，歷史至今為了前往島嶼的海盜、冒險家皆無一倖免，因此有著死亡島之稱。據說這個死亡島藏有許多珍貴的寶藏，還蘊含著不可思議的力量，唯有成功奪取寶藏並活著回來才能成為冒險王！', 24, '2022-12-12 07:36:00', '2022-12-12 07:36:00'),
(180, '捷運踩地雷', '180.jpg', 6, 10, 2, 6, 11, 230, 3, 1, '2022-10-19', 1, '崖邊那棟樓房，磚瓦整齊鱗列，\n偶爾閃耀波光水紋，\n當地人稱這奇異樓房為──鱗屋。\n朝鱗屋望去，\n彷彿有股力量牽動著你們隱密的心緒，\n深入探索，\n如何在重重迷霧間選擇出可行之路呢？', 24, '2022-12-12 07:36:00', '2022-12-12 07:36:00'),
(181, '你是誰是你', '181.jpg', 6, 10, 1, 3, 2, 670, 1, 4, '2022-10-19', 1, '三條獨立故事線?古老遺跡場景?空間大型機關\n\n你曾聽過那迪亞嗎？\n遙遠的古文明存在著三大種族，只有走進迷霧島，你才能揭開他們最核心的秘密?\n\n??萬物神殿 – 平衡宇宙秩序，躲避空間機關陷阱\n??元素之門 – 古老礦場冒險，操控元素穿透維度\n??亞人試煉 – 團結創造生機，手腳並用進化人類\n\n各種族均有專屬領地，以不同種族身分多次登陸，解鎖改變最終結局！', 24, '2022-12-12 07:36:00', '2022-12-12 07:36:00'),
(182, '暗巷-束縛', '182.jpg', 6, 10, 2, 4, 8, 280, 1, 1, '2022-10-19', 1, '逼真場景 ? 滿分機關 ? 感人劇情\n全台唯一，實車機關\n荒郊野嶺，拾階而上\n扣人心弦，驚心挑戰\n\n六大賣點??\n全新沈浸體驗設計，玩家推動劇情發展\n獨一無二大型機關\n專業配音 聲臨其境\n高標準美術團隊打造，超擬真場景\n絕美動畫視覺特效\n真人互動，挑戰你的腎上腺', 29, '2022-12-12 07:36:00', '2022-12-12 07:36:00'),
(183, '枯愛', '183.jpg', 6, 10, 2, 2, 4, 400, 1, 2, '2022-10-19', 1, '西域沙漠中\n突然出現了一座神秘的古墓\n陵墓的主人正是消失已久的樓蘭女王\n\n政府派出一支考古隊前往調查\n但他們卻離奇的失去了聯繫\n\n於是政府秘密派遣盜墓賊再次前往\n究竟，會在裡面發現什麼……？', 29, '2022-12-12 07:36:00', '2022-12-12 07:36:00'),
(184, '妖怪星球', '184.jpg', 6, 10, 4, 7, 5, 450, 1, 3, '2022-10-19', 1, '『一場發生在行李箱中的奇幻冒險，世界上怎麼會有那麼大的行李箱啊？\n再不逃出去，就要被永遠困在這裡了！』\n\nLoGin偵探社最近收到了一封奇怪的委託信，\n一位著急的媽媽聲稱她失蹤的22歲兒子被邪惡的科學家綁架了。(這年代還有邪惡的科學家嗎…)\n但當偵探社聯繫她時，卻又堅決否認寄出過這封信，這個案子也就不了了之…\n\n但這位媽媽突然又聯繫了偵探社表示她已潛入科學家的研究所，\n希望我們能派出偵探協助她，但一時之間實在抽不出人手…\n你看起來挺聰明的，能幫個忙嗎？', 29, '2022-12-12 07:36:00', '2022-12-12 07:36:00'),
(185, '獄罷不能', '185.jpg', 6, 10, 1, 2, 4, 450, 1, 4, '2022-10-19', 1, '傳說在百慕達三角洲一帶有一座神秘的島嶼，歷史至今為了前往島嶼的海盜、冒險家皆無一倖免，因此有著死亡島之稱。據說這個死亡島藏有許多珍貴的寶藏，還蘊含著不可思議的力量，唯有成功奪取寶藏並活著回來才能成為冒險王！', 29, '2022-12-12 07:36:00', '2022-12-12 07:36:00'),
(186, '荒島求生', '186.jpg', 6, 10, 3, 6, 11, 400, 1, 3, '2023-04-08', 1, '崖邊那棟樓房，磚瓦整齊鱗列，\n偶爾閃耀波光水紋，\n當地人稱這奇異樓房為──鱗屋。\n朝鱗屋望去，\n彷彿有股力量牽動著你們隱密的心緒，\n深入探索，\n如何在重重迷霧間選擇出可行之路呢？', 29, '2022-12-12 07:36:00', '2022-12-12 07:36:00'),
(187, '感染', '187.jpg', 6, 10, 1, 11, 4, 250, 1, 2, '2022-10-19', 1, '三條獨立故事線?古老遺跡場景?空間大型機關\n\n你曾聽過那迪亞嗎？\n遙遠的古文明存在著三大種族，只有走進迷霧島，你才能揭開他們最核心的秘密?\n\n??萬物神殿 – 平衡宇宙秩序，躲避空間機關陷阱\n??元素之門 – 古老礦場冒險，操控元素穿透維度\n??亞人試煉 – 團結創造生機，手腳並用進化人類\n\n各種族均有專屬領地，以不同種族身分多次登陸，解鎖改變最終結局！', 30, '2022-12-12 07:36:00', '2022-12-12 07:36:00'),
(188, '異形覆沒', '188.jpg', 6, 10, 1, 5, 11, 600, 1, 3, '2022-10-19', 1, '逼真場景 ? 滿分機關 ? 感人劇情\n全台唯一，實車機關\n荒郊野嶺，拾階而上\n扣人心弦，驚心挑戰\n\n六大賣點??\n全新沈浸體驗設計，玩家推動劇情發展\n獨一無二大型機關\n專業配音 聲臨其境\n高標準美術團隊打造，超擬真場景\n絕美動畫視覺特效\n真人互動，挑戰你的腎上腺', 30, '2022-12-12 07:36:00', '2022-12-12 07:36:00'),
(189, '不完美求婚', '189.jpg', 6, 10, 2, 3, 7, 250, 1, 1, '2022-10-19', 1, '西域沙漠中\n突然出現了一座神秘的古墓\n陵墓的主人正是消失已久的樓蘭女王\n\n政府派出一支考古隊前往調查\n但他們卻離奇的失去了聯繫\n\n於是政府秘密派遣盜墓賊再次前往\n究竟，會在裡面發現什麼……？', 30, '2022-12-12 07:36:00', '2022-12-12 07:36:00');
INSERT INTO `games` (`gamesSid`, `gamesName`, `gamesImages`, `gamesPeopleMin`, `gamesPeopleMax`, `gamesDifficulty`, `gamesFeature01`, `gamesFeature02`, `gamesPrice`, `gamesSort`, `gamesTime`, `gamesOpen`, `gamesColse`, `gamesContent`, `storeSid`, `create_at`, `up_date`) VALUES
(190, '嗜血病院', '190.jpg', 6, 12, 2, 11, 4, 250, 1, 1, '2023-04-08', 1, '『一場發生在行李箱中的奇幻冒險，世界上怎麼會有那麼大的行李箱啊？\n再不逃出去，就要被永遠困在這裡了！』\n\nLoGin偵探社最近收到了一封奇怪的委託信，\n一位著急的媽媽聲稱她失蹤的23歲兒子被邪惡的科學家綁架了。(這年代還有邪惡的科學家嗎…)\n但當偵探社聯繫她時，卻又堅決否認寄出過這封信，這個案子也就不了了之…\n\n但這位媽媽突然又聯繫了偵探社表示她已潛入科學家的研究所，\n希望我們能派出偵探協助她，但一時之間實在抽不出人手…\n你看起來挺聰明的，能幫個忙嗎？', 30, '2022-12-12 07:36:00', '2022-12-12 07:36:00'),
(191, '格雷香水', '191.jpg', 6, 12, 2, 4, 10, 500, 1, 4, '2022-10-19', 1, '傳說在百慕達三角洲一帶有一座神秘的島嶼，歷史至今為了前往島嶼的海盜、冒險家皆無一倖免，因此有著死亡島之稱。據說這個死亡島藏有許多珍貴的寶藏，還蘊含著不可思議的力量，唯有成功奪取寶藏並活著回來才能成為冒險王！', 34, '2022-12-12 07:36:00', '2022-12-12 07:36:00'),
(192, '獄謀', '192.jpg', 6, 12, 2, 11, 6, 380, 1, 2, '2022-10-19', 1, '崖邊那棟樓房，磚瓦整齊鱗列，\n偶爾閃耀波光水紋，\n當地人稱這奇異樓房為──鱗屋。\n朝鱗屋望去，\n彷彿有股力量牽動著你們隱密的心緒，\n深入探索，\n如何在重重迷霧間選擇出可行之路呢？', 34, '2022-12-12 07:36:00', '2022-12-12 07:36:00'),
(193, '串城流浪記', '193.jpg', 6, 12, 2, 6, 11, 210, 3, 3, '2022-10-19', 1, '西域沙漠中\n突然出現了一座神秘的古墓\n陵墓的主人正是消失已久的樓蘭女王\n\n政府派出一支考古隊前往調查\n但他們卻離奇的失去了聯繫\n\n於是政府秘密派遣盜墓賊再次前往\n究竟，會在裡面發現什麼……？', 34, '2022-12-12 07:36:00', '2022-12-12 07:36:00'),
(194, '封鎖', '194.jpg', 6, 12, 3, 4, 1, 350, 2, 3, '2022-10-19', 1, '『一場發生在行李箱中的奇幻冒險，世界上怎麼會有那麼大的行李箱啊？\n再不逃出去，就要被永遠困在這裡了！』\n\nLoGin偵探社最近收到了一封奇怪的委託信，\n一位著急的媽媽聲稱她失蹤的22歲兒子被邪惡的科學家綁架了。(這年代還有邪惡的科學家嗎…)\n但當偵探社聯繫她時，卻又堅決否認寄出過這封信，這個案子也就不了了之…\n\n但這位媽媽突然又聯繫了偵探社表示她已潛入科學家的研究所，\n希望我們能派出偵探協助她，但一時之間實在抽不出人手…\n你看起來挺聰明的，能幫個忙嗎？', 34, '2022-12-12 07:36:00', '2022-12-12 07:36:00'),
(195, '弗瑞克樂園', '195.jpg', 6, 12, 2, 2, 9, 300, 1, 1, '2022-10-19', 1, '傳說在百慕達三角洲一帶有一座神秘的島嶼，歷史至今為了前往島嶼的海盜、冒險家皆無一倖免，因此有著死亡島之稱。據說這個死亡島藏有許多珍貴的寶藏，還蘊含著不可思議的力量，唯有成功奪取寶藏並活著回來才能成為冒險王！', 34, '2022-12-12 07:36:00', '2022-12-12 07:36:00'),
(196, '竹本家', '196.jpg', 6, 12, 1, 4, 5, 400, 1, 1, '2022-10-19', 1, '崖邊那棟樓房，磚瓦整齊鱗列，\n偶爾閃耀波光水紋，\n當地人稱這奇異樓房為──鱗屋。\n朝鱗屋望去，\n彷彿有股力量牽動著你們隱密的心緒，\n深入探索，\n如何在重重迷霧間選擇出可行之路呢？', 38, '2022-12-12 07:36:00', '2022-12-12 07:36:00'),
(197, '靈居', '197.jpg', 6, 12, 5, 4, 8, 500, 1, 2, '2022-10-19', 1, '三條獨立故事線?古老遺跡場景?空間大型機關\n\n你曾聽過那迪亞嗎？\n遙遠的古文明存在著三大種族，只有走進迷霧島，你才能揭開他們最核心的秘密?\n\n??萬物神殿 – 平衡宇宙秩序，躲避空間機關陷阱\n??元素之門 – 古老礦場冒險，操控元素穿透維度\n??亞人試煉 – 團結創造生機，手腳並用進化人類\n\n各種族均有專屬領地，以不同種族身分多次登陸，解鎖改變最終結局！', 38, '2022-12-12 07:36:00', '2022-12-12 07:36:00'),
(198, '伽斯底里奧內', '198.jpg', 6, 12, 1, 2, 6, 500, 1, 3, '2022-10-19', 1, '逼真場景 ? 滿分機關 ? 感人劇情\n全台唯一，實車機關\n荒郊野嶺，拾階而上\n扣人心弦，驚心挑戰\n\n六大賣點??\n全新沈浸體驗設計，玩家推動劇情發展\n獨一無二大型機關\n專業配音 聲臨其境\n高標準美術團隊打造，超擬真場景\n絕美動畫視覺特效\n真人互動，挑戰你的腎上腺', 38, '2022-12-12 07:36:00', '2022-12-12 07:36:00'),
(199, '荒村小學', '199.jpg', 6, 12, 1, 8, 4, 550, 1, 4, '2022-10-19', 1, '西域沙漠中\n突然出現了一座神秘的古墓\n陵墓的主人正是消失已久的樓蘭女王\n\n政府派出一支考古隊前往調查\n但他們卻離奇的失去了聯繫\n\n於是政府秘密派遣盜墓賊再次前往\n究竟，會在裡面發現什麼……？', 38, '2022-12-12 07:36:00', '2022-12-12 07:36:00'),
(200, '賊', '200.jpg', 6, 12, 1, 4, 11, 400, 2, 4, '2022-10-19', 1, '『一場發生在行李箱中的奇幻冒險，世界上怎麼會有那麼大的行李箱啊？\n再不逃出去，就要被永遠困在這裡了！』\n\nLoGin偵探社最近收到了一封奇怪的委託信，\n一位著急的媽媽聲稱她失蹤的23歲兒子被邪惡的科學家綁架了。(這年代還有邪惡的科學家嗎…)\n但當偵探社聯繫她時，卻又堅決否認寄出過這封信，這個案子也就不了了之…\n\n但這位媽媽突然又聯繫了偵探社表示她已潛入科學家的研究所，\n希望我們能派出偵探協助她，但一時之間實在抽不出人手…\n你看起來挺聰明的，能幫個忙嗎？', 38, '2022-12-12 07:36:00', '2022-12-12 07:36:00');

-- --------------------------------------------------------

--
-- 資料表結構 `gamesdifficulty`
--

CREATE TABLE `gamesdifficulty` (
  `gamesDifficultySid` int(11) NOT NULL,
  `difficulty` varchar(255) NOT NULL
) ENGINE=InnoDB DEFAULT CHARSET=utf8mb4 COLLATE=utf8mb4_general_ci;

--
-- 傾印資料表的資料 `gamesdifficulty`
--

INSERT INTO `gamesdifficulty` (`gamesDifficultySid`, `difficulty`) VALUES
(1, '入門'),
(2, '簡單'),
(3, '普通'),
(4, '困難'),
(5, '挑戰');

-- --------------------------------------------------------

--
-- 資料表結構 `gamesfeature01`
--

CREATE TABLE `gamesfeature01` (
  `gamesFeatureSid` int(11) NOT NULL,
  `feature01` varchar(255) NOT NULL
) ENGINE=InnoDB DEFAULT CHARSET=utf8mb4 COLLATE=utf8mb4_general_ci;

--
-- 傾印資料表的資料 `gamesfeature01`
--

INSERT INTO `gamesfeature01` (`gamesFeatureSid`, `feature01`) VALUES
(1, '偵探推理\r\n'),
(2, '機關重重\r\n'),
(3, '劇情厲害\r\n'),
(4, '場景逼真\r\n'),
(5, '互動操作\r\n'),
(6, '謎題邏輯\r\n'),
(7, '輕鬆歡樂\r\n'),
(8, '恐怖驚悚\r\n'),
(9, '緊張刺激\r\n'),
(10, '勾心鬥角\r\n'),
(11, '團隊合作\r\n'),
(12, '親子同遊\r\n'),
(13, '玩法特別\r\n'),
(14, '角色扮演\r\n');

-- --------------------------------------------------------

--
-- 資料表結構 `gamesfeature02`
--

CREATE TABLE `gamesfeature02` (
  `gamesFeatureSid` int(11) NOT NULL,
  `feature02` varchar(255) NOT NULL
) ENGINE=InnoDB DEFAULT CHARSET=utf8mb4 COLLATE=utf8mb4_general_ci;

--
-- 傾印資料表的資料 `gamesfeature02`
--

INSERT INTO `gamesfeature02` (`gamesFeatureSid`, `feature02`) VALUES
(1, '偵探推理\r\n'),
(2, '機關重重\r\n'),
(3, '劇情厲害\r\n'),
(4, '場景逼真\r\n'),
(5, '互動操作\r\n'),
(6, '謎題邏輯\r\n'),
(7, '輕鬆歡樂\r\n'),
(8, '恐怖驚悚\r\n'),
(9, '緊張刺激\r\n'),
(10, '勾心鬥角\r\n'),
(11, '團隊合作\r\n'),
(12, '親子同遊\r\n'),
(13, '玩法特別\r\n'),
(14, '角色扮演\r\n');

-- --------------------------------------------------------

--
-- 資料表結構 `gamessort`
--

CREATE TABLE `gamessort` (
  `gamesSortSid` int(11) NOT NULL,
  `Sort` varchar(255) NOT NULL
) ENGINE=InnoDB DEFAULT CHARSET=utf8mb4 COLLATE=utf8mb4_general_ci;

--
-- 傾印資料表的資料 `gamessort`
--

INSERT INTO `gamessort` (`gamesSortSid`, `Sort`) VALUES
(1, '密室逃脫\r\n'),
(2, '劇本殺\r\n'),
(3, '時境解謎\r\n');

-- --------------------------------------------------------

--
-- 資料表結構 `gamestime`
--

CREATE TABLE `gamestime` (
  `gamesTimeSid` int(11) NOT NULL,
  `Time` int(11) NOT NULL
) ENGINE=InnoDB DEFAULT CHARSET=utf8mb4 COLLATE=utf8mb4_general_ci;

--
-- 傾印資料表的資料 `gamestime`
--

INSERT INTO `gamestime` (`gamesTimeSid`, `Time`) VALUES
(1, 30),
(2, 60),
(3, 90),
(4, 120);

-- --------------------------------------------------------

--
-- 資料表結構 `member`
--

CREATE TABLE `member` (
  `membersid` int(11) NOT NULL COMMENT '會員sid',
  `memNickName` varchar(255) NOT NULL COMMENT '會員暱稱',
  `memHeadshot` varchar(255) DEFAULT NULL COMMENT '會員大頭照',
  `memAccount` varchar(255) NOT NULL COMMENT '會員帳號',
  `memPassword` varchar(255) NOT NULL COMMENT '會員密碼',
  `memName` varchar(255) NOT NULL COMMENT '會員姓名',
  `memGender` varchar(255) NOT NULL COMMENT '會員性別',
  `memBirth` date NOT NULL COMMENT '會員生日',
  `memEmail` varchar(255) NOT NULL COMMENT '會員信箱',
  `memMobile` varchar(255) NOT NULL COMMENT '會員手機',
  `memIdentity` varchar(255) NOT NULL COMMENT '會員身份證字號',
  `memLevel` varchar(255) NOT NULL COMMENT '會員等級',
  `memVerified` varchar(255) NOT NULL COMMENT '會員驗證與否',
  `memCreatAt` datetime NOT NULL DEFAULT current_timestamp(),
  `memEditAt` datetime DEFAULT NULL
) ENGINE=InnoDB DEFAULT CHARSET=utf8mb4 COLLATE=utf8mb4_general_ci;

--
-- 傾印資料表的資料 `member`
--

INSERT INTO `member` (`membersid`, `memNickName`, `memHeadshot`, `memAccount`, `memPassword`, `memName`, `memGender`, `memBirth`, `memEmail`, `memMobile`, `memIdentity`, `memLevel`, `memVerified`, `memCreatAt`, `memEditAt`) VALUES
(1, 'July', 'e1ea4c53-b873-411f-b2ba-02cd56785929.jpg', 'july123', 'july123', 'July', '女', '2018-02-06', 'july930711@gmail.com', '0918301665', 'D121275797', '3', '1', '2023-03-16 09:17:30', '2023-03-04 11:44:40'),
(2, 'Sophia', 'female.jpg', 'member682923', 'pass30730', '馬佳穎', '女', '1991-03-04', 'mail57017@test.com', '0918149601', 'A270518331', '2', '1', '2023-03-16 09:17:30', '2023-03-04 15:18:53'),
(3, 'River', 'male.jpg', 'member705726', 'pass5391', '吳家豪', '男', '2013-01-01', 'mail91387@test.com', '0918531676', 'A114833248', '2', '1', '2023-03-16 09:17:30', '2023-03-04 12:06:56'),
(4, 'Benjamin', 'male.jpg', 'member766169', 'pass1822', '程冠宇', '男', '1988-06-07', 'mail86852@test.com', '0918917771', 'B139084510', '3', '1', '2023-03-16 09:17:30', '2023-03-04 05:01:35'),
(5, 'Maverick', 'male.jpg', 'member897938', 'pass6081', '董冠廷', '男', '2017-10-24', 'mail24946@test.com', '0918501040', 'D135112161', '3', '1', '2023-03-16 09:17:30', '2023-03-04 21:20:46'),
(6, 'Isabella', 'female.jpg', 'member227039', 'pass6607', '董佳穎', '女', '2020-11-30', 'mail56785@test.com', '0918391435', 'D285001036', '1', '1', '2023-03-16 09:17:30', '2023-03-04 21:08:43'),
(7, 'Emily', 'female.jpg', 'member536268', 'pass3766', '程怡萱', '女', '1991-09-14', 'mail96280@test.com', '0918811585', 'D212946190', '2', '1', '2023-03-16 09:17:30', '2023-03-04 06:53:47'),
(8, 'Jackson', 'male.jpg', 'member683357', 'pass8553', '林冠廷', '男', '2012-10-13', 'mail20838@test.com', '0918354263', 'C142422674', '3', '0', '2023-03-16 09:17:30', '2023-03-04 15:06:48'),
(9, 'Madison', 'female.jpg', 'member567122', 'pass4323', '唐雅婷', '女', '1986-03-25', 'mail59592@test.com', '0918794391', 'C294862798', '2', '1', '2023-03-16 09:17:30', '2023-03-04 10:30:06'),
(10, 'Rebecca', 'female.jpg', 'member400195', 'pass8475', '鄧鈺婷', '女', '1993-10-06', 'mail66345@test.com', '0918983362', 'C212741689', '1', '0', '2023-03-16 09:17:30', '2023-03-04 07:45:41'),
(11, 'Jack', 'male.jpg', 'member834177', 'pass8780', '程家豪', '男', '1988-11-25', 'mail67008@test.com', '0918130143', 'C125481697', '3', '0', '2023-03-16 09:17:30', '2023-03-04 18:12:53'),
(12, 'Amelia', 'female.jpg', 'member428142', 'pass2471', '劉怡君', '女', '2012-08-26', 'mail27548@test.com', '0918146626', 'D284628863', '2', '1', '2023-03-16 09:17:30', '2023-03-04 03:12:23'),
(13, 'Adam', 'male.jpg', 'member984460', 'pass3496', '羅宗翰', '男', '1995-07-06', 'mail43489@test.com', '0918887065', 'A135182822', '3', '0', '2023-03-16 09:17:30', '2023-03-04 15:51:32'),
(14, 'Kinsley', 'female.jpg', 'member147550', 'pass2260', '宋郁婷', '女', '1985-08-03', 'mail81730@test.com', '0918208028', 'D276144352', '1', '0', '2023-03-16 09:17:30', '2023-03-04 00:48:06'),
(15, 'Daisy', 'female.jpg', 'member477826', 'pass4755', '王宜庭', '女', '2022-06-01', 'mail98273@test.com', '0918772501', 'D203313457', '2', '0', '2023-03-16 09:17:30', '2023-03-04 00:46:34'),
(16, 'Cooper', 'male.jpg', 'member175671', 'pass2461', '吳冠霖', '男', '2012-03-17', 'mail62108@test.com', '0918770222', 'C164712850', '1', '1', '2023-03-16 09:17:30', '2023-03-04 22:08:57'),
(17, 'Alexander', 'male.jpg', 'member639700', 'pass8028', '唐宇軒', '男', '2004-10-25', 'mail60410@test.com', '0918144087', 'D140492577', '1', '0', '2023-03-16 09:17:30', '2023-03-04 18:16:01'),
(18, 'Nolan', 'male.jpg', 'member579260', 'pass1800', '郭柏翰', '男', '2016-04-24', 'mail27282@test.com', '0918655729', 'C193029381', '3', '0', '2023-03-16 09:17:30', '2023-03-04 04:35:08'),
(19, 'Evelyn', 'female.jpg', 'member168860', 'pass4207', '馬宜庭', '女', '1994-10-20', 'mail75744@test.com', '0918498074', 'D245978297', '1', '0', '2023-03-16 09:17:30', '2023-03-04 02:53:37'),
(20, 'Daisy', 'female.jpg', 'member648714', 'pass8673', '楊詩涵', '女', '2017-12-31', 'mail43130@test.com', '0918941388', 'D261590611', '2', '1', '2023-03-16 09:17:30', '2023-03-04 04:04:17'),
(21, 'Jessica', 'female.jpg', 'member612695', 'pass4482', '林雅筑', '女', '1990-06-24', 'mail12834@test.com', '0918379962', 'B273819932', '3', '1', '2023-03-16 09:17:30', '2023-03-04 16:41:00'),
(22, 'James', 'male.jpg', 'member345467', 'pass1957', '張冠廷', '男', '1999-12-03', 'mail30923@test.com', '0918116750', 'A143882723', '2', '0', '2023-03-16 09:17:30', '2023-03-04 13:35:21'),
(23, 'James', 'male.jpg', 'member886882', 'pass4082', '趙冠宇', '男', '2006-11-15', 'mail11275@test.com', '0918692428', 'B181170199', '2', '1', '2023-03-16 09:17:30', '2023-03-04 19:30:28'),
(24, 'Bella', 'female.jpg', 'member233315', 'pass9951', '唐鈺婷', '女', '1998-12-18', 'mail79413@test.com', '0918205655', 'C256400169', '1', '0', '2023-03-16 09:17:30', '2023-03-04 00:14:16'),
(25, 'Robert', 'male.jpg', 'member512832', 'pass2466', '張家豪', '男', '2012-01-09', 'mail47380@test.com', '0918336340', 'B106292972', '1', '0', '2023-03-16 09:17:30', '2023-03-04 15:29:41'),
(26, 'Sebastian', 'male.jpg', 'member265855', 'pass9781', '鄭家豪', '男', '2022-10-16', 'mail64025@test.com', '0918846508', 'D101243458', '1', '1', '2023-03-16 09:17:30', '2023-03-04 19:28:03'),
(27, 'Hudson', 'male.jpg', 'member619029', 'pass4733', '梁家豪', '男', '1995-06-07', 'mail43937@test.com', '0918605345', 'C129162262', '3', '0', '2023-03-16 09:17:30', '2023-03-04 10:06:18'),
(28, 'Eric', 'male.jpg', 'member999683', 'pass8393', '呂家瑋', '男', '2020-10-20', 'mail72052@test.com', '0918625476', 'B185735898', '1', '0', '2023-03-16 09:17:30', '2023-03-04 08:50:28'),
(29, 'Andy', 'male.jpg', 'member441830', 'pass3118', '董宗翰', '男', '1998-03-05', 'mail91839@test.com', '0918963150', 'C112696939', '2', '0', '2023-03-16 09:17:30', '2023-03-04 09:56:52'),
(30, 'Elena', 'female.jpg', 'member442662', 'pass5245', '傅郁婷', '女', '2010-06-27', 'mail22669@test.com', '0918232046', 'B286656025', '2', '1', '2023-03-16 09:17:30', '2023-03-04 01:49:08'),
(31, 'Hannah', 'female.jpg', 'member994145', 'pass6366', '許鈺婷', '女', '2020-06-16', 'mail68701@test.com', '0918520249', 'A285799401', '3', '1', '2023-03-16 09:17:30', '2023-03-04 19:52:52'),
(32, 'Mia', 'female.jpg', 'member728646', 'pass7272', '孫雅筑', '女', '2009-10-14', 'mail74934@test.com', '0918483892', 'A242861740', '1', '1', '2023-03-16 09:17:30', '2023-03-04 14:02:11'),
(33, 'Samuel', 'male.jpg', 'member815667', 'pass1780', '周彥廷', '男', '2018-04-22', 'mail43636@test.com', '0918566644', 'C122249364', '2', '1', '2023-03-16 09:17:30', '2023-03-04 19:10:27'),
(34, 'Danny', 'male.jpg', 'member321692', 'pass5676', '謝宇軒', '男', '2000-02-16', 'mail21424@test.com', '0918379540', 'C158067445', '3', '1', '2023-03-16 09:17:30', '2023-03-04 21:31:11'),
(35, 'Ruby', 'female.jpg', 'member878271', 'pass9691', '程鈺婷', '女', '2005-04-25', 'mail64421@test.com', '0918217581', 'B240943716', '2', '0', '2023-03-16 09:17:30', '2023-03-04 03:25:43'),
(36, 'Katherine', 'female.jpg', 'member419226', 'pass8131', '郭郁婷', '女', '2000-09-18', 'mail71516@test.com', '0918827692', 'D240222912', '3', '1', '2023-03-16 09:17:30', '2023-03-04 04:07:00'),
(37, 'Claire', 'female.jpg', 'member365445', 'pass6954', '張佳穎', '女', '2005-01-22', 'mail87400@test.com', '0918377647', 'B229121684', '1', '1', '2023-03-16 09:17:30', '2023-03-04 03:18:46'),
(38, 'Hank', 'male.jpg', 'member996411', 'pass6323', '羅家豪', '男', '2016-01-13', 'mail57477@test.com', '0918212362', 'C124792776', '2', '0', '2023-03-16 09:17:30', '2023-03-04 04:20:47'),
(39, 'Robert', 'male.jpg', 'member881815', 'pass5280', '傅冠宇', '男', '1997-06-23', 'mail57586@test.com', '0918614756', 'D181744883', '1', '0', '2023-03-16 09:17:30', '2023-03-04 19:16:25'),
(40, 'Madison', 'female.jpg', 'member597902', 'pass6572', '胡郁婷', '女', '1996-07-06', 'mail26140@test.com', '0918417333', 'D215675827', '1', '0', '2023-03-16 09:17:30', '2023-03-04 02:45:38'),
(41, 'Valentina', 'female.jpg', 'member857035', 'pass9011', '袁佳穎', '女', '2017-07-11', 'mail11160@test.com', '0918583264', 'C218478007', '2', '0', '2023-03-16 09:17:30', '2023-03-04 12:09:10'),
(42, 'Victoria', 'female.jpg', 'member193672', 'pass6464', '馬詩涵', '女', '2022-03-30', 'mail94062@test.com', '0918410768', 'A250041529', '1', '1', '2023-03-16 09:17:30', '2023-03-04 01:53:22'),
(43, 'Hank', 'male.jpg', 'member582375', 'pass5331', '鄧彥廷', '男', '2014-04-25', 'mail12931@test.com', '0918235213', 'B136051414', '2', '0', '2023-03-16 09:17:30', '2023-03-04 01:46:47'),
(44, 'Nora', 'female.jpg', 'member156470', 'pass8051', '黃怡婷', '女', '1988-11-24', 'mail98264@test.com', '0918696957', 'C237469778', '2', '0', '2023-03-16 09:17:30', '2023-03-04 09:53:32'),
(45, 'Ryan', 'male.jpg', 'member812412', 'pass7652', '程承翰', '男', '2021-07-20', 'mail22123@test.com', '0918519548', 'B144946153', '3', '0', '2023-03-16 09:17:30', '2023-03-04 10:11:33'),
(46, 'Hank', 'male.jpg', 'member995047', 'pass4644', '郭彥廷', '男', '2002-12-26', 'mail38486@test.com', '0918972582', 'C164400221', '1', '1', '2023-03-16 09:17:30', '2023-03-04 10:51:10'),
(47, 'Sophia', 'female.jpg', 'member330365', 'pass1954', '徐佳穎', '女', '1993-04-11', 'mail97477@test.com', '0918874168', 'D205128928', '2', '1', '2023-03-16 09:17:30', '2023-03-04 05:53:33'),
(48, 'Levi', 'male.jpg', 'member102916', 'pass5946', '於冠霖', '男', '2007-10-14', 'mail27770@test.com', '0918285540', 'C144782031', '1', '0', '2023-03-16 09:17:30', '2023-03-04 16:23:39'),
(49, 'Lucy', 'female.jpg', 'member154658', 'pass5313', '劉怡婷', '女', '2018-04-22', 'mail92149@test.com', '0918250534', 'B248777344', '1', '1', '2023-03-16 09:17:30', '2023-03-04 11:03:36'),
(50, 'Sebastian', 'male.jpg', 'member419131', 'pass2566', '沈冠廷', '男', '2002-03-06', 'mail84091@test.com', '0918367809', 'A112272591', '3', '0', '2023-03-16 09:17:30', '2023-03-04 14:57:31'),
(51, 'Amy', 'female.jpg', 'member562678', 'pass4215', '胡怡萱', '女', '1995-10-09', 'mail19863@test.com', '0918785407', 'A221349434', '2', '0', '2023-03-16 09:17:30', '2023-03-04 14:41:18'),
(52, 'Bella', 'female.jpg', 'member272450', 'pass3898', '梁郁婷', '女', '2015-07-10', 'mail59550@test.com', '0918360003', 'A275289493', '1', '1', '2023-03-16 09:17:30', '2023-03-04 19:01:22'),
(53, 'Grace', 'female.jpg', 'member659311', 'pass6843', '許怡婷', '女', '1989-05-15', 'mail95525@test.com', '0918316018', 'D243357836', '3', '1', '2023-03-16 09:17:30', '2023-03-04 17:26:22'),
(54, 'Katherine', 'female.jpg', 'member519059', 'pass1530', '楊郁婷', '女', '2011-09-25', 'mail99547@test.com', '0918496340', 'D256517499', '1', '0', '2023-03-16 09:17:30', '2023-03-04 05:50:39'),
(55, 'Victoria', 'female.jpg', 'member503807', 'pass6210', '呂雅婷', '女', '2022-08-05', 'mail33765@test.com', '0918495648', 'A221728074', '3', '0', '2023-03-16 09:17:30', '2023-03-04 03:21:26'),
(56, 'Jameson', 'male.jpg', 'member167659', 'pass3208', '袁柏翰', '男', '1991-04-15', 'mail97870@test.com', '0918581857', 'D133066242', '3', '1', '2023-03-16 09:17:30', '2023-03-04 15:24:15'),
(57, 'Olivia', 'female.jpg', 'member804685', 'pass7051', '馮詩涵', '女', '2001-02-17', 'mail50775@test.com', '0918788003', 'C243083234', '3', '0', '2023-03-16 09:17:30', '2023-03-04 00:28:56'),
(58, 'Roman', 'male.jpg', 'member672856', 'pass5161', '馬彥廷', '男', '1987-05-05', 'mail57803@test.com', '0918269424', 'B106905387', '2', '0', '2023-03-16 09:17:30', '2023-03-04 23:37:37'),
(59, 'Theodore', 'male.jpg', 'member747706', 'pass2407', '宋宇軒', '男', '1989-01-06', 'mail31441@test.com', '0918174858', 'C198098441', '3', '1', '2023-03-16 09:17:30', '2023-03-04 09:12:08'),
(60, 'Hannah', 'female.jpg', 'member332269', 'pass9976', '孫怡婷', '女', '1993-01-06', 'mail89537@test.com', '0918546262', 'D232549699', '3', '1', '2023-03-16 09:17:30', '2023-03-04 05:46:15'),
(61, 'Melody', 'female.jpg', 'member136056', 'pass4423', '許雅筑', '女', '1986-10-18', 'mail94871@test.com', '0918432021', 'C256001067', '2', '0', '2023-03-16 09:17:30', '2023-03-04 20:02:12'),
(62, 'Ivy', 'female.jpg', 'member151859', 'pass3454', '曹郁婷', '女', '1989-01-06', 'mail90190@test.com', '0918489369', 'D211724336', '2', '0', '2023-03-16 09:17:30', '2023-03-04 14:13:25'),
(63, 'Gabriel', 'male.jpg', 'member331197', 'pass9245', '黃宇軒', '男', '2003-10-09', 'mail52283@test.com', '0918278177', 'B153378244', '2', '1', '2023-03-16 09:17:30', '2023-03-04 09:49:09'),
(64, 'Katherine', 'female.jpg', 'member135708', 'pass9725', '王怡婷', '女', '1994-07-02', 'mail78941@test.com', '0918370184', 'D232763863', '3', '1', '2023-03-16 09:17:30', '2023-03-04 19:36:08'),
(65, 'Sarah', 'female.jpg', 'member618821', 'pass3381', '黃郁婷', '女', '2019-01-03', 'mail68637@test.com', '0918981933', 'D276561301', '1', '0', '2023-03-16 09:17:30', '2023-03-04 04:31:36'),
(66, 'Elizabeth', 'female.jpg', 'member907170', 'pass7808', '林雅筑', '女', '2001-11-01', 'mail10120@test.com', '0918359314', 'B244986715', '1', '1', '2023-03-16 09:17:30', '2023-03-04 04:52:16'),
(67, 'Kate', 'female.jpg', 'member701867', 'pass3534', '張怡萱', '女', '2006-03-04', 'mail62310@test.com', '0918660663', 'C218539521', '1', '0', '2023-03-16 09:17:30', '2023-03-04 14:12:22'),
(68, 'Samuel', 'male.jpg', 'member102727', 'pass9775', '馬宗翰', '男', '2015-05-12', 'mail71072@test.com', '0918832381', 'D108907174', '1', '1', '2023-03-16 09:17:30', '2023-03-04 23:35:22'),
(69, 'Katherine', 'female.jpg', 'member103409', 'pass9151', '楊怡君', '女', '2021-06-02', 'mail82561@test.com', '0918412445', 'C278666876', '3', '0', '2023-03-16 09:17:30', '2023-03-04 19:17:54'),
(70, 'Ella', 'female.jpg', 'member492861', 'pass7596', '張鈺婷', '女', '2009-05-19', 'mail86362@test.com', '0918575334', 'B245086748', '3', '1', '2023-03-16 09:17:30', '2023-03-04 00:38:09'),
(71, 'Hudson', 'male.jpg', 'member110114', 'pass9380', '陳冠宇', '男', '1999-03-17', 'mail66161@test.com', '0918508745', 'C117197402', '1', '0', '2023-03-16 09:17:30', '2023-03-04 03:16:57'),
(72, 'Hannah', 'female.jpg', 'member686606', 'pass7054', '唐郁婷', '女', '2022-11-19', 'mail68158@test.com', '0918894665', 'C296305380', '2', '1', '2023-03-16 09:17:30', '2023-03-04 11:30:38'),
(73, 'Kai', 'male.jpg', 'member769940', 'pass9467', '馬彥廷', '男', '2022-05-02', 'mail84901@test.com', '0918930755', 'B112648077', '1', '0', '2023-03-16 09:17:30', '2023-03-04 14:39:18'),
(74, 'Owen', 'male.jpg', 'member493249', 'pass8076', '謝承翰', '男', '2022-04-27', 'mail63137@test.com', '0918182452', 'B195906324', '2', '1', '2023-03-16 09:17:30', '2023-03-04 13:49:49'),
(75, 'Leo', 'male.jpg', 'member510260', 'pass2759', '曾彥廷', '男', '1999-03-01', 'mail94212@test.com', '0918171450', 'C194984378', '3', '0', '2023-03-16 09:17:30', '2023-03-04 05:17:20'),
(76, 'Andy', 'male.jpg', 'member354047', 'pass7906', '呂冠宇', '男', '1987-07-16', 'mail28268@test.com', '0918720719', 'D158607101', '2', '0', '2023-03-16 09:17:30', '2023-03-04 01:04:48'),
(77, 'Clare', 'female.jpg', 'member123305', 'pass3669', '呂鈺婷', '女', '2008-09-01', 'mail90684@test.com', '0918664960', 'B258545772', '1', '1', '2023-03-16 09:17:30', '2023-03-04 15:33:06'),
(78, 'Katherine', 'female.jpg', 'member352365', 'pass3587', '高雅婷', '女', '2006-12-22', 'mail20230@test.com', '0918894868', 'D288850107', '2', '1', '2023-03-16 09:17:30', '2023-03-04 16:35:03'),
(79, 'Andy', 'male.jpg', 'member393476', 'pass8662', '曹柏翰', '男', '2010-10-29', 'mail24089@test.com', '0918722602', 'B106964385', '2', '0', '2023-03-16 09:17:30', '2023-03-04 21:30:36'),
(80, 'Samuel', 'male.jpg', 'member591019', 'pass1615', '曹承翰', '男', '2016-02-18', 'mail65445@test.com', '0918219433', 'B140270071', '3', '0', '2023-03-16 09:17:30', '2023-03-04 22:29:25'),
(81, 'Ryan', 'male.jpg', 'member613938', 'pass4605', '劉宗翰', '男', '2012-07-21', 'mail39370@test.com', '0918895314', 'B136348284', '3', '1', '2023-03-16 09:17:30', '2023-03-04 14:53:13'),
(82, 'Ellie', 'female.jpg', 'member830529', 'pass3175', '於鈺婷', '女', '1997-11-20', 'mail87632@test.com', '0918909358', 'B279072207', '1', '1', '2023-03-16 09:17:30', '2023-03-04 12:45:03'),
(83, 'Zion', 'male.jpg', 'member528889', 'pass7967', '羅冠宇', '男', '2014-08-10', 'mail95533@test.com', '0918691310', 'D194148277', '3', '1', '2023-03-16 09:17:30', '2023-03-04 06:22:53'),
(84, 'Lucas', 'male.jpg', 'member569677', 'pass6742', '梁宇軒', '男', '1993-09-23', 'mail87185@test.com', '0918205798', 'D121914775', '1', '0', '2023-03-16 09:17:30', '2023-03-04 22:13:41'),
(85, 'Sophia', 'female.jpg', 'member368841', 'pass4302', '王佳穎', '女', '1993-11-23', 'mail89771@test.com', '0918452337', 'D287381408', '3', '1', '2023-03-16 09:17:30', '2023-03-04 12:07:19'),
(86, 'Noah', 'male.jpg', 'member469939', 'pass4075', '馮家豪', '男', '1988-01-20', 'mail67679@test.com', '0918629571', 'B161072159', '3', '1', '2023-03-16 09:17:30', '2023-03-04 04:19:34'),
(87, 'Carol', 'female.jpg', 'member212058', 'pass8249', '呂怡婷', '女', '2019-06-21', 'mail28387@test.com', '0918752218', 'B232279979', '3', '1', '2023-03-16 09:17:30', '2023-03-04 21:06:54'),
(88, 'Emily', 'female.jpg', 'member900735', 'pass6831', '朱怡萱', '女', '1996-10-29', 'mail48844@test.com', '0918987020', 'B203194722', '2', '0', '2023-03-16 09:17:30', '2023-03-04 19:32:27'),
(89, 'Aria', 'female.jpg', 'member424660', 'pass2987', '唐佳穎', '女', '1995-09-06', 'mail26117@test.com', '0918915757', 'B268660071', '2', '0', '2023-03-16 09:17:30', '2023-03-04 18:08:36'),
(90, 'Muhammad', 'male.jpg', 'member150872', 'pass6221', '曾家瑋', '男', '2015-06-23', 'mail96585@test.com', '0918645060', 'A133597853', '1', '1', '2023-03-16 09:17:30', '2023-03-04 04:09:34'),
(91, 'Emma', 'female.jpg', 'member342463', 'pass1104', '韓佳穎', '女', '2010-03-24', 'mail57345@test.com', '0918447378', 'C256910796', '1', '1', '2023-03-16 09:17:30', '2023-03-04 00:06:50'),
(92, 'Ellie', 'female.jpg', 'member490137', 'pass9561', '鄧宜庭', '女', '2013-04-06', 'mail20221@test.com', '0918127350', 'B245323816', '1', '1', '2023-03-16 09:17:30', '2023-03-04 21:50:04'),
(93, 'Wyatt', 'male.jpg', 'member148178', 'pass6936', '徐承翰', '男', '2008-07-29', 'mail27356@test.com', '0918468192', 'C124108679', '3', '1', '2023-03-16 09:17:30', '2023-03-04 13:39:23'),
(94, 'Amelia', 'female.jpg', 'member920197', 'pass3126', '韓雅婷', '女', '2013-12-19', 'mail41608@test.com', '0918552022', 'D212914565', '3', '1', '2023-03-16 09:17:30', '2023-03-04 17:18:00'),
(95, 'Andrew', 'male.jpg', 'member893489', 'pass6822', '唐家豪', '男', '1985-08-19', 'mail72218@test.com', '0918726170', 'B168934899', '1', '0', '2023-03-16 09:17:30', '2023-03-04 09:57:57'),
(96, 'Lily', 'female.jpg', 'member698319', 'pass6106', '於鈺婷', '女', '1998-04-19', 'mail80216@test.com', '0918860125', 'D226716680', '2', '0', '2023-03-16 09:17:30', '2023-03-04 03:01:22'),
(97, 'Charlie', 'male.jpg', 'member525911', 'pass8004', '鄧承翰', '男', '2008-03-06', 'mail54014@test.com', '0918807235', 'B181355634', '3', '1', '2023-03-16 09:17:30', '2023-03-04 11:22:23'),
(98, 'Henry', 'male.jpg', 'member427832', 'pass2237', '程承翰', '男', '1993-12-17', 'mail56278@test.com', '0918935722', 'A137614817', '3', '0', '2023-03-16 09:17:30', '2023-03-04 22:44:13'),
(99, 'Matthew', 'male.jpg', 'member452080', 'pass4450', '謝家瑋', '男', '2010-11-19', 'mail23621@test.com', '0918415912', 'A186591468', '3', '0', '2023-03-16 09:17:30', '2023-03-04 14:50:19'),
(100, 'Katherine', 'female.jpg', 'member786067', 'pass6991', '劉雅筑', '女', '2011-09-27', 'mail57590@test.com', '0918814271', 'C291382363', '3', '1', '2023-03-16 09:17:30', '2023-03-04 01:49:41'),
(101, 'Ellie', 'female.jpg', 'member800199', 'pass3661', '馬宜庭', '女', '2009-09-30', 'mail58440@test.com', '0918417817', 'A257400361', '1', '1', '2023-03-16 09:17:30', '2023-03-04 02:59:43'),
(102, 'Ryan', 'male.jpg', 'member847691', 'pass2467', '曾家瑋', '男', '2020-04-06', 'mail35900@test.com', '0918441501', 'D129536462', '1', '0', '2023-03-16 09:17:30', '2023-03-04 09:49:31'),
(103, 'Elena', 'female.jpg', 'member387922', 'pass4555', '郭怡萱', '女', '2014-07-31', 'mail65659@test.com', '0918412946', 'A294447780', '2', '0', '2023-03-16 09:17:30', '2023-03-04 08:05:44'),
(104, 'Candice', 'female.jpg', 'member370966', 'pass9819', '郭怡萱', '女', '2003-01-26', 'mail43076@test.com', '0918638246', 'D289115459', '1', '1', '2023-03-16 09:17:30', '2023-03-04 21:46:56'),
(105, 'Layla', 'female.jpg', 'member301901', 'pass7853', '蕭宜庭', '女', '1999-07-31', 'mail42486@test.com', '0918523775', 'C292017017', '3', '0', '2023-03-16 09:17:30', '2023-03-04 18:22:51'),
(106, 'Nova', 'female.jpg', 'member395157', 'pass5075', '馬雅筑', '女', '2020-10-08', 'mail80814@test.com', '0918271707', 'B270635928', '3', '1', '2023-03-16 09:17:30', '2023-03-04 14:16:44'),
(107, 'Noah', 'male.jpg', 'member606837', 'pass7373', '李宗翰', '男', '2012-09-14', 'mail52404@test.com', '0918786182', 'B129706018', '2', '1', '2023-03-16 09:17:30', '2023-03-04 03:03:37'),
(108, 'Aiden', 'male.jpg', 'member745111', 'pass4115', '鄧冠宇', '男', '2013-09-25', 'mail10383@test.com', '0918386723', 'D135129243', '2', '0', '2023-03-16 09:17:30', '2023-03-04 14:10:51'),
(109, 'Ethan', 'male.jpg', 'member783067', 'pass3347', '周冠霖', '男', '2016-05-14', 'mail24869@test.com', '0918188276', 'A115084938', '1', '1', '2023-03-16 09:17:30', '2023-03-04 10:08:47'),
(110, 'Violet', 'female.jpg', 'member115428', 'pass5027', '孫怡萱', '女', '2020-04-14', 'mail97247@test.com', '0918973997', 'B202577202', '3', '0', '2023-03-16 09:17:30', '2023-03-04 03:24:56'),
(111, 'Flora', 'female.jpg', 'member590189', 'pass2955', '徐佳穎', '女', '2017-10-13', 'mail14526@test.com', '0918866289', 'A262443740', '2', '0', '2023-03-16 09:17:30', '2023-03-04 09:24:01'),
(112, 'Layla', 'female.jpg', 'member922969', 'pass1974', '沈詩涵', '女', '2011-03-18', 'mail88084@test.com', '0918309919', 'B238298900', '2', '1', '2023-03-16 09:17:30', '2023-03-04 13:20:46'),
(113, 'Bennett', 'male.jpg', 'member155902', 'pass2339', '郭彥廷', '男', '2013-03-25', 'mail16431@test.com', '0918668738', 'C140727966', '1', '0', '2023-03-16 09:17:30', '2023-03-04 17:33:45'),
(114, 'Theo', 'male.jpg', 'member191125', 'pass7768', '朱宗翰', '男', '2021-08-27', 'mail33467@test.com', '0918516045', 'D154756777', '3', '0', '2023-03-16 09:17:30', '2023-03-04 21:33:33'),
(115, 'Kinsley', 'female.jpg', 'member889810', 'pass3188', '鄭鈺婷', '女', '2011-09-27', 'mail21273@test.com', '0918825460', 'A279903204', '2', '1', '2023-03-16 09:17:30', '2023-03-04 14:15:39'),
(116, 'Nora', 'female.jpg', 'member247851', 'pass6069', '趙雅筑', '女', '1989-05-14', 'mail76321@test.com', '0918818908', 'B295044653', '2', '1', '2023-03-16 09:17:30', '2023-03-04 06:08:41'),
(117, 'Ethan', 'male.jpg', 'member201413', 'pass9101', '呂冠宇', '男', '2014-12-11', 'mail20609@test.com', '0918940321', 'C124164158', '3', '1', '2023-03-16 09:17:30', '2023-03-04 11:45:17'),
(118, 'Kitty', 'female.jpg', 'member275034', 'pass2988', '蕭怡婷', '女', '2019-03-21', 'mail93390@test.com', '0918902433', 'C281727961', '1', '1', '2023-03-16 09:17:30', '2023-03-04 01:58:09'),
(119, 'Lucy', 'female.jpg', 'member205640', 'pass5598', '謝怡婷', '女', '1994-11-22', 'mail25718@test.com', '0918792347', 'D229444929', '3', '1', '2023-03-16 09:17:30', '2023-03-04 11:52:58'),
(120, 'Aria', 'female.jpg', 'member874303', 'pass4392', '徐雅筑', '女', '2006-10-05', 'mail20520@test.com', '0918678838', 'C246561719', '3', '0', '2023-03-16 09:17:30', '2023-03-04 09:28:02'),
(121, 'Bess', 'female.jpg', 'member211076', 'pass9968', '沈詩涵', '女', '2016-11-04', 'mail42125@test.com', '0918100574', 'B203955880', '1', '1', '2023-03-16 09:17:30', '2023-03-04 09:40:08'),
(122, 'Theo', 'male.jpg', 'member425157', 'pass5340', '馬柏翰', '男', '2010-07-10', 'mail54171@test.com', '0918938581', 'B184867420', '2', '0', '2023-03-16 09:17:30', '2023-03-04 13:15:53'),
(123, 'Robert', 'male.jpg', 'member638313', 'pass2709', '趙承翰', '男', '2001-04-15', 'mail11483@test.com', '0918113457', 'A170841405', '3', '1', '2023-03-16 09:17:30', '2023-03-04 14:12:55'),
(124, 'Emma', 'female.jpg', 'member101372', 'pass7611', '高鈺婷', '女', '1997-07-26', 'mail12938@test.com', '0918631604', 'A245947405', '2', '1', '2023-03-16 09:17:30', '2023-03-04 09:54:17'),
(125, 'Elena', 'female.jpg', 'member366275', 'pass9358', '陳鈺婷', '女', '2021-08-06', 'mail10125@test.com', '0918264755', 'D211600266', '2', '1', '2023-03-16 09:17:30', '2023-03-04 14:37:04'),
(126, 'Charlotte', 'female.jpg', 'member919292', 'pass6674', '袁鈺婷', '女', '2003-12-30', 'mail75928@test.com', '0918579320', 'C295586675', '1', '1', '2023-03-16 09:17:30', '2023-03-04 14:44:51'),
(127, 'Lucas', 'male.jpg', 'member506261', 'pass7219', '曾承翰', '男', '2012-09-30', 'mail99890@test.com', '0918389990', 'D113177159', '2', '1', '2023-03-16 09:17:30', '2023-03-04 22:58:04'),
(128, 'River', 'male.jpg', 'member315163', 'pass2406', '宋彥廷', '男', '1988-05-19', 'mail35605@test.com', '0918961318', 'C143467844', '1', '1', '2023-03-16 09:17:30', '2023-03-04 05:04:31'),
(129, 'Anthony', 'male.jpg', 'member707163', 'pass1752', '胡宇軒', '男', '2017-07-13', 'mail25823@test.com', '0918318719', 'B179348498', '2', '0', '2023-03-16 09:17:30', '2023-03-04 16:46:12'),
(130, 'Nova', 'female.jpg', 'member937755', 'pass4691', '高郁婷', '女', '2003-08-16', 'mail75618@test.com', '0918515333', 'B217365869', '2', '1', '2023-03-16 09:17:30', '2023-03-04 11:24:28'),
(131, 'Hank', 'male.jpg', 'member770860', 'pass9425', '董家豪', '男', '2022-05-30', 'mail88724@test.com', '0918949205', 'D143104090', '2', '0', '2023-03-16 09:17:30', '2023-03-04 13:15:18'),
(132, 'Dana', 'female.jpg', 'member400374', 'pass5888', '程雅筑', '女', '2018-05-26', 'mail75529@test.com', '0918156229', 'C248466939', '3', '1', '2023-03-16 09:17:30', '2023-03-04 22:56:19'),
(133, 'River', 'male.jpg', 'member513352', 'pass7947', '韓冠霖', '男', '2009-05-23', 'mail83666@test.com', '0918589946', 'B155153372', '1', '1', '2023-03-16 09:17:30', '2023-03-04 21:54:15'),
(134, 'Emma', 'female.jpg', 'member373290', 'pass9450', '韓怡萱', '女', '2014-11-11', 'mail28433@test.com', '0918909234', 'B205973068', '3', '1', '2023-03-16 09:17:30', '2023-03-04 11:15:54'),
(135, 'Ava', 'female.jpg', 'member282124', 'pass4063', '宋雅筑', '女', '1986-05-29', 'mail51841@test.com', '0918602532', 'A246783796', '3', '0', '2023-03-16 09:17:30', '2023-03-04 22:05:21'),
(136, 'Amy', 'female.jpg', 'member869699', 'pass7771', '朱郁婷', '女', '2017-02-05', 'mail30092@test.com', '0918464866', 'D229511608', '2', '1', '2023-03-16 09:17:30', '2023-03-04 23:52:37'),
(137, 'Amelia', 'female.jpg', 'member570876', 'pass6191', '宋鈺婷', '女', '2012-03-17', 'mail47061@test.com', '0918853461', 'D266344484', '3', '0', '2023-03-16 09:17:30', '2023-03-04 04:41:58'),
(138, 'Hunter', 'male.jpg', 'member518441', 'pass6264', '曹柏翰', '男', '1986-01-09', 'mail93067@test.com', '0918548328', 'A105404605', '1', '0', '2023-03-16 09:17:30', '2023-03-04 10:16:34'),
(139, 'Sebastian', 'male.jpg', 'member448313', 'pass5091', '沈家豪', '男', '2014-06-14', 'mail28486@test.com', '0918687577', 'D119597103', '1', '0', '2023-03-16 09:17:30', '2023-03-04 19:45:44'),
(140, 'Ava', 'female.jpg', 'member779416', 'pass6537', '蕭詩涵', '女', '2005-07-07', 'mail67604@test.com', '0918399834', 'D271357328', '2', '1', '2023-03-16 09:17:30', '2023-03-04 16:20:03'),
(141, 'Maria', 'female.jpg', 'member196662', 'pass5186', '唐怡婷', '女', '1994-10-10', 'mail74326@test.com', '0918747737', 'B297975116', '2', '1', '2023-03-16 09:17:30', '2023-03-04 18:23:23'),
(142, 'Lily', 'female.jpg', 'member653733', 'pass4318', '彭怡婷', '女', '1996-12-05', 'mail37638@test.com', '0918446612', 'A271657724', '2', '1', '2023-03-16 09:17:30', '2023-03-04 13:04:09'),
(143, 'Gabriel', 'male.jpg', 'member178323', 'pass9706', '林家瑋', '男', '2020-05-13', 'mail81496@test.com', '0918796832', 'B143038879', '1', '1', '2023-03-16 09:17:30', '2023-03-04 01:45:13'),
(144, 'Nolan', 'male.jpg', 'member662514', 'pass1981', '張柏翰', '男', '2000-07-04', 'mail41364@test.com', '0918587456', 'B189253447', '3', '0', '2023-03-16 09:17:30', '2023-03-04 06:11:40'),
(145, 'Hannah', 'female.jpg', 'member857334', 'pass1054', '羅怡婷', '女', '1994-03-24', 'mail37183@test.com', '0918683602', 'C244271530', '2', '1', '2023-03-16 09:17:30', '2023-03-04 11:55:52'),
(146, 'Jayden', 'male.jpg', 'member761564', 'pass5465', '郭承翰', '男', '1994-03-12', 'mail13929@test.com', '0918963931', 'A101395223', '3', '1', '2023-03-16 09:17:30', '2023-03-04 00:29:03'),
(147, 'Miles', 'male.jpg', 'member978085', 'pass1229', '袁宗翰', '男', '2008-10-08', 'mail86972@test.com', '0918723737', 'A117296639', '2', '1', '2023-03-16 09:17:30', '2023-03-04 05:24:55'),
(148, 'Carol', 'female.jpg', 'member727040', 'pass9693', '何郁婷', '女', '2015-05-02', 'mail26017@test.com', '0918627632', 'B225559353', '3', '1', '2023-03-16 09:17:30', '2023-03-04 21:28:32'),
(149, 'Emma', 'female.jpg', 'member778950', 'pass6147', '羅佳穎', '女', '2001-11-23', 'mail91227@test.com', '0918797339', 'B246306762', '1', '0', '2023-03-16 09:17:30', '2023-03-04 21:39:07'),
(150, 'Silas', 'male.jpg', 'member593417', 'pass3895', '何柏翰', '男', '2016-12-29', 'mail65662@test.com', '0918228858', 'B152542671', '2', '0', '2023-03-16 09:17:30', '2023-03-04 08:03:38'),
(151, 'Eric', 'male.jpg', 'member613255', 'pass5981', '許宗翰', '男', '2000-11-10', 'mail26177@test.com', '0918958820', 'D130192760', '3', '0', '2023-03-16 09:17:30', '2023-03-04 09:08:50'),
(152, 'Charlie', 'male.jpg', 'member946231', 'pass9883', '梁承翰', '男', '1998-08-23', 'mail80304@test.com', '0918485629', 'D147680254', '3', '0', '2023-03-16 09:17:30', '2023-03-04 08:49:04'),
(153, 'Parker', 'male.jpg', 'member649175', 'pass4927', '鄧冠宇', '男', '2011-06-01', 'mail20149@test.com', '0918941358', 'D156918753', '1', '1', '2023-03-16 09:17:30', '2023-03-04 12:48:50'),
(154, 'Ethan', 'male.jpg', 'member654194', 'pass2118', '徐宇軒', '男', '2008-03-14', 'mail29569@test.com', '0918124092', 'C157504013', '1', '1', '2023-03-16 09:17:30', '2023-03-04 07:32:47'),
(155, 'Rylee', 'female.jpg', 'member603647', 'pass8932', '馬宜庭', '女', '1986-07-13', 'mail41854@test.com', '0918959741', 'B278470343', '3', '0', '2023-03-16 09:17:30', '2023-03-04 09:37:34'),
(156, 'Iris', 'female.jpg', 'member618836', 'pass1860', '周怡萱', '女', '1985-08-09', 'mail60374@test.com', '0918395957', 'A201597289', '2', '1', '2023-03-16 09:17:30', '2023-03-04 03:36:29'),
(157, 'David', 'male.jpg', 'member582901', 'pass7224', '鄧冠宇', '男', '1989-05-25', 'mail41285@test.com', '0918117035', 'C133977452', '1', '0', '2023-03-16 09:17:30', '2023-03-04 01:15:42'),
(158, 'Aiden', 'male.jpg', 'member882827', 'pass2701', '張家瑋', '男', '2011-12-25', 'mail21864@test.com', '0918179251', 'D121690885', '3', '1', '2023-03-16 09:17:30', '2023-03-04 15:25:56'),
(159, 'Alice', 'female.jpg', 'member325818', 'pass3449', '朱怡婷', '女', '2004-12-14', 'mail19995@test.com', '0918852539', 'D247174918', '2', '0', '2023-03-16 09:17:30', '2023-03-04 11:05:07'),
(160, 'Alexander', 'male.jpg', 'member403098', 'pass4638', '馬彥廷', '男', '2019-05-20', 'mail90165@test.com', '0918564086', 'A142552250', '1', '0', '2023-03-16 09:17:30', '2023-03-04 17:27:06'),
(161, 'Nova', 'female.jpg', 'member261278', 'pass3582', '蕭怡君', '女', '2022-06-18', 'mail76257@test.com', '0918877799', 'C248206706', '1', '0', '2023-03-16 09:17:30', '2023-03-04 01:38:09'),
(162, 'Jameson', 'male.jpg', 'member737461', 'pass5903', '袁家豪', '男', '1989-12-18', 'mail99043@test.com', '0918288137', 'D138846486', '3', '0', '2023-03-16 09:17:30', '2023-03-04 08:38:37'),
(163, 'Noah', 'male.jpg', 'member331065', 'pass7708', '於冠宇', '男', '2007-04-18', 'mail25333@test.com', '0918590544', 'C164197499', '2', '1', '2023-03-16 09:17:30', '2023-03-04 22:27:32'),
(164, 'Hank', 'male.jpg', 'member153883', 'pass7215', '王宗翰', '男', '1996-11-27', 'mail88600@test.com', '0918492706', 'C126325819', '2', '0', '2023-03-16 09:17:30', '2023-03-04 03:49:03'),
(165, 'Carter', 'male.jpg', 'member956444', 'pass3582', '高冠宇', '男', '1996-03-29', 'mail45540@test.com', '0918714675', 'A155396610', '2', '0', '2023-03-16 09:17:30', '2023-03-04 22:55:11'),
(166, 'Doris', 'female.jpg', 'member526408', 'pass8912', '胡佳穎', '女', '2008-04-03', 'mail20354@test.com', '0918983333', 'A239739672', '1', '0', '2023-03-16 09:17:30', '2023-03-04 05:12:07'),
(167, 'Kevin', 'male.jpg', 'member572645', 'pass1517', '鄧家豪', '男', '1988-12-27', 'mail32743@test.com', '0918333573', 'B182490446', '1', '1', '2023-03-16 09:17:30', '2023-03-04 03:52:51'),
(168, 'Grace', 'female.jpg', 'member857695', 'pass7241', '徐詩涵', '女', '2008-05-18', 'mail15257@test.com', '0918825013', 'A227484626', '2', '0', '2023-03-16 09:17:30', '2023-03-04 15:37:25'),
(169, 'Aria', 'female.jpg', 'member893353', 'pass9360', '楊雅婷', '女', '2015-03-06', 'mail50495@test.com', '0918981829', 'B216510739', '2', '1', '2023-03-16 09:17:30', '2023-03-04 20:49:31'),
(170, 'Kai', 'male.jpg', 'member955913', 'pass5014', '林彥廷', '男', '2003-05-26', 'mail97669@test.com', '0918478266', 'D133783150', '1', '1', '2023-03-16 09:17:30', '2023-03-04 14:11:19'),
(171, 'Gina', 'female.jpg', 'member159561', 'pass2615', '馬郁婷', '女', '2008-02-18', 'mail88867@test.com', '0918974652', 'C249141098', '1', '0', '2023-03-16 09:17:30', '2023-03-04 02:47:55'),
(172, 'Lucy', 'female.jpg', 'member770228', 'pass2227', '董雅筑', '女', '2018-02-20', 'mail21287@test.com', '0918693587', 'C228995272', '2', '0', '2023-03-16 09:17:30', '2023-03-04 14:35:03'),
(173, 'Matthew', 'male.jpg', 'member434990', 'pass8384', '朱宇軒', '男', '1994-01-16', 'mail90282@test.com', '0918518449', 'C192245005', '2', '0', '2023-03-16 09:17:30', '2023-03-04 12:39:24'),
(174, 'Bonnie', 'female.jpg', 'member834866', 'pass9459', '董詩涵', '女', '1996-05-19', 'mail73711@test.com', '0918666106', 'D286309395', '1', '1', '2023-03-16 09:17:30', '2023-03-04 18:23:02'),
(175, 'Ella', 'female.jpg', 'member940548', 'pass7432', '於鈺婷', '女', '1990-09-18', 'mail22249@test.com', '0918793085', 'D225532046', '3', '1', '2023-03-16 09:17:30', '2023-03-04 19:59:54'),
(176, 'Charlie', 'male.jpg', 'member582198', 'pass6637', '馬冠宇', '男', '2002-05-05', 'mail83015@test.com', '0918537109', 'A155226619', '2', '0', '2023-03-16 09:17:30', '2023-03-04 02:10:59'),
(177, 'Logan', 'male.jpg', 'member973210', 'pass5136', '吳家瑋', '男', '1999-09-29', 'mail72000@test.com', '0918571422', 'D195287226', '1', '0', '2023-03-16 09:17:30', '2023-03-04 14:30:15'),
(178, 'Mateo', 'male.jpg', 'member169170', 'pass3918', '林承翰', '男', '1997-09-17', 'mail36433@test.com', '0918727348', 'D138525094', '1', '1', '2023-03-16 09:17:30', '2023-03-04 07:53:15'),
(179, 'Mia', 'female.jpg', 'member172466', 'pass9825', '許怡婷', '女', '2003-04-12', 'mail48525@test.com', '0918210696', 'B205676706', '1', '0', '2023-03-16 09:17:30', '2023-03-04 15:54:07'),
(180, 'Violet', 'female.jpg', 'member519308', 'pass9191', '楊詩涵', '女', '1987-01-18', 'mail12880@test.com', '0918675940', 'D237970541', '1', '1', '2023-03-16 09:17:30', '2023-03-04 09:16:35'),
(181, 'Logan', 'male.jpg', 'member391551', 'pass6053', '郭家瑋', '男', '1994-05-07', 'mail19867@test.com', '0918293323', 'B140536143', '3', '1', '2023-03-16 09:17:30', '2023-03-04 17:12:03'),
(182, 'Matthew', 'male.jpg', 'member263908', 'pass3691', '孫彥廷', '男', '1992-03-29', 'mail83659@test.com', '0918445598', 'D172151352', '3', '1', '2023-03-16 09:17:30', '2023-03-04 15:09:46'),
(183, 'Kinsley', 'female.jpg', 'member515008', 'pass5576', '梁宜庭', '女', '1997-04-02', 'mail59613@test.com', '0918632715', 'D265121294', '3', '0', '2023-03-16 09:17:30', '2023-03-04 03:24:35'),
(184, 'Maverick', 'male.jpg', 'member861940', 'pass1259', '陳宗翰', '男', '1996-12-10', 'mail34672@test.com', '0918975316', 'A164130711', '2', '1', '2023-03-16 09:17:30', '2023-03-04 14:54:39'),
(185, 'Isabella', 'female.jpg', 'member505573', 'pass1918', '吳詩涵', '女', '1985-01-16', 'mail21182@test.com', '0918877125', 'C255494499', '3', '1', '2023-03-16 09:17:30', '2023-03-04 15:39:40'),
(186, 'Jack', 'male.jpg', 'member569652', 'pass4877', '韓柏翰', '男', '1994-02-01', 'mail53037@test.com', '0918941120', 'B149442741', '3', '0', '2023-03-16 09:17:31', '2023-03-04 14:28:51'),
(187, 'Kevin', 'male.jpg', 'member731676', 'pass1310', '於宗翰', '男', '1995-02-18', 'mail27286@test.com', '0918436587', 'C104304565', '2', '1', '2023-03-16 09:17:31', '2023-03-04 06:55:14'),
(188, 'Grace', 'female.jpg', 'member601694', 'pass1472', '李怡君', '女', '1988-03-14', 'mail86056@test.com', '0918247621', 'B200615743', '3', '1', '2023-03-16 09:17:31', '2023-03-04 15:06:18'),
(189, 'Harper', 'female.jpg', 'member874467', 'pass9660', '高怡君', '女', '2012-07-08', 'mail70129@test.com', '0918972017', 'C282645122', '1', '0', '2023-03-16 09:17:31', '2023-03-04 18:12:16'),
(190, 'Miles', 'male.jpg', 'member385507', 'pass4219', '趙柏翰', '男', '1995-08-08', 'mail79367@test.com', '0918119217', 'A110242158', '1', '0', '2023-03-16 09:17:31', '2023-03-04 13:26:27'),
(191, 'Katherine', 'female.jpg', 'member724448', 'pass8802', '孫佳穎', '女', '1988-06-08', 'mail93493@test.com', '0918429612', 'B215604210', '1', '0', '2023-03-16 09:17:31', '2023-03-04 18:16:35'),
(192, 'Luca', 'male.jpg', 'member230074', 'pass7531', '呂柏翰', '男', '2020-10-13', 'mail54880@test.com', '0918300068', 'D110397498', '3', '1', '2023-03-16 09:17:31', '2023-03-04 12:31:01'),
(193, 'Abigail', 'female.jpg', 'member381931', 'pass1430', '孫詩涵', '女', '2003-05-17', 'mail60683@test.com', '0918730630', 'A293948031', '2', '0', '2023-03-16 09:17:31', '2023-03-04 11:02:25'),
(194, 'Hunter', 'male.jpg', 'member717095', 'pass5145', '李冠宇', '男', '2000-08-25', 'mail43744@test.com', '0918882547', 'B164834888', '1', '0', '2023-03-16 09:17:31', '2023-03-04 01:22:59'),
(195, 'Jack', 'male.jpg', 'member736409', 'pass6754', '張彥廷', '男', '1988-09-15', 'mail10998@test.com', '0918237609', 'B112478540', '3', '0', '2023-03-16 09:17:31', '2023-03-04 13:49:29'),
(196, 'Stella', 'female.jpg', 'member782517', 'pass3904', '黃怡婷', '女', '1988-10-30', 'mail94035@test.com', '0918286590', 'C250084654', '3', '1', '2023-03-16 09:17:31', '2023-03-04 22:34:44'),
(197, 'Samuel', 'male.jpg', 'member968268', 'pass7688', '馮冠宇', '男', '2014-04-23', 'mail89107@test.com', '0918698882', 'D164896749', '2', '1', '2023-03-16 09:17:31', '2023-03-04 18:52:50'),
(198, 'Lucas', 'male.jpg', 'member682761', 'pass1689', '傅宗翰', '男', '1990-04-11', 'mail26065@test.com', '0918213333', 'D170753740', '2', '1', '2023-03-16 09:17:31', '2023-03-04 20:35:26'),
(199, 'Zoey', 'female.jpg', 'member244097', 'pass5210', '曾雅筑', '女', '1996-04-16', 'mail75858@test.com', '0918373704', 'D262987098', '1', '1', '2023-03-16 09:17:31', '2023-03-04 03:36:55'),
(200, 'Julia', 'female.jpg', 'member580865', 'pass3683', '張雅婷', '女', '2002-03-20', 'mail32208@test.com', '0918126259', 'B259245272', '1', '0', '2023-03-16 09:17:31', '2023-03-04 08:09:02'),
(201, 'Kai', 'male.jpg', 'member383218', 'pass8015', '羅家瑋', '男', '1990-12-26', 'mail75948@test.com', '0918277077', 'A152956162', '3', '1', '2023-03-16 09:17:31', '2023-03-04 01:39:15'),
(202, 'Daniel', 'male.jpg', 'member699046', 'pass7437', '楊柏翰', '男', '2009-10-01', 'mail70679@test.com', '0918213079', 'C162585849', '2', '0', '2023-03-16 09:17:31', '2023-03-04 09:55:52'),
(203, 'Roman', 'male.jpg', 'member707265', 'pass1979', '高承翰', '男', '2007-04-12', 'mail35326@test.com', '0918344937', 'A172222755', '2', '1', '2023-03-16 09:17:31', '2023-03-04 12:59:33'),
(204, 'Leo', 'male.jpg', 'member186073', 'pass1788', '馮宇軒', '男', '1993-06-11', 'mail72050@test.com', '0918495490', 'C128552650', '2', '1', '2023-03-16 09:17:31', '2023-03-04 03:22:00'),
(205, 'Jameson', 'male.jpg', 'member511454', 'pass9967', '梁冠廷', '男', '1985-11-01', 'mail99753@test.com', '0918866003', 'D188164042', '2', '1', '2023-03-16 09:17:31', '2023-03-04 16:25:09'),
(206, 'Owen', 'male.jpg', 'member403535', 'pass6860', '曹承翰', '男', '2000-07-18', 'mail81521@test.com', '0918662539', 'C160094541', '3', '0', '2023-03-16 09:17:31', '2023-03-04 11:30:53'),
(207, 'Ava', 'female.jpg', 'member990493', 'pass8920', '馮鈺婷', '女', '2006-10-05', 'mail63644@test.com', '0918285600', 'C224589091', '1', '0', '2023-03-16 09:17:31', '2023-03-04 02:10:31'),
(208, 'Bella', 'female.jpg', 'member522522', 'pass7253', '傅鈺婷', '女', '1993-10-09', 'mail37446@test.com', '0918119036', 'C210160567', '1', '1', '2023-03-16 09:17:31', '2023-03-04 01:27:04'),
(209, 'Ivy', 'female.jpg', 'member742165', 'pass3927', '程佳穎', '女', '1988-02-19', 'mail20094@test.com', '0918385328', 'D211866351', '3', '1', '2023-03-16 09:17:31', '2023-03-04 15:12:13'),
(210, 'Kitty', 'female.jpg', 'member103486', 'pass1362', '黃怡婷', '女', '1992-04-01', 'mail25498@test.com', '0918638267', 'C242601058', '1', '0', '2023-03-16 09:17:31', '2023-03-04 04:43:41'),
(211, 'Flora', 'female.jpg', 'member512026', 'pass1659', '胡怡君', '女', '2014-10-16', 'mail90533@test.com', '0918899472', 'B278951266', '1', '0', '2023-03-16 09:17:31', '2023-03-04 11:39:19'),
(212, 'Muhammad', 'male.jpg', 'member356367', 'pass2226', '傅承翰', '男', '2007-11-19', 'mail18124@test.com', '0918753964', 'B146032166', '3', '0', '2023-03-16 09:17:31', '2023-03-04 17:14:56'),
(213, 'Kitty', 'female.jpg', 'member501703', 'pass1107', '程郁婷', '女', '2004-09-28', 'mail80072@test.com', '0918902098', 'A205353805', '2', '0', '2023-03-16 09:17:31', '2023-03-04 14:45:56'),
(214, 'Danny', 'male.jpg', 'member908817', 'pass9712', '羅冠廷', '男', '2018-06-05', 'mail94633@test.com', '0918998070', 'B157645063', '2', '1', '2023-03-16 09:17:31', '2023-03-04 19:42:18'),
(215, 'Jade', 'female.jpg', 'member745675', 'pass5543', '胡鈺婷', '女', '2002-08-13', 'mail66897@test.com', '0918338041', 'B272208345', '3', '0', '2023-03-16 09:17:31', '2023-03-04 02:34:07'),
(216, 'Jackson', 'male.jpg', 'member674442', 'pass3847', '唐家豪', '男', '1993-03-20', 'mail62539@test.com', '0918361867', 'A126808732', '1', '1', '2023-03-16 09:17:31', '2023-03-04 03:53:23'),
(217, 'Evelyn', 'female.jpg', 'member535069', 'pass8986', '謝怡婷', '女', '1991-04-23', 'mail43858@test.com', '0918916110', 'D215266783', '2', '0', '2023-03-16 09:17:31', '2023-03-04 18:16:06'),
(218, 'Mia', 'female.jpg', 'member316140', 'pass7576', '沈詩涵', '女', '2015-02-24', 'mail40505@test.com', '0918392114', 'D275086100', '3', '1', '2023-03-16 09:17:31', '2023-03-04 05:49:09'),
(219, 'Andy', 'male.jpg', 'member392639', 'pass8786', '吳承翰', '男', '1987-01-22', 'mail61972@test.com', '0918282134', 'A164123939', '1', '1', '2023-03-16 09:17:31', '2023-03-04 17:21:10'),
(220, 'Levi', 'male.jpg', 'member337312', 'pass7260', '陳冠霖', '男', '2009-06-15', 'mail17993@test.com', '0918780023', 'B158032736', '3', '1', '2023-03-16 09:17:31', '2023-03-04 16:53:52'),
(221, 'Henry', 'male.jpg', 'member472791', 'pass6657', '張彥廷', '男', '2020-04-26', 'mail86241@test.com', '0918858636', 'A120535010', '3', '0', '2023-03-16 09:17:31', '2023-03-04 16:45:25'),
(222, 'Henry', 'male.jpg', 'member912366', 'pass1317', '周承翰', '男', '2019-04-07', 'mail68692@test.com', '0918328346', 'D103199615', '1', '0', '2023-03-16 09:17:31', '2023-03-04 01:36:15'),
(223, 'Joseph', 'male.jpg', 'member383997', 'pass3424', '鄧承翰', '男', '2005-11-05', 'mail35708@test.com', '0918587136', 'D115285054', '1', '0', '2023-03-16 09:17:31', '2023-03-04 10:25:56'),
(224, 'Kinsley', 'female.jpg', 'member396211', 'pass7046', '趙雅筑', '女', '2001-04-03', 'mail44399@test.com', '0918667679', 'C244048480', '3', '0', '2023-03-16 09:17:31', '2023-03-04 03:21:48'),
(225, 'Ruby', 'female.jpg', 'member341837', 'pass9534', '傅雅筑', '女', '2000-11-09', 'mail80230@test.com', '0918794060', 'A257438809', '3', '0', '2023-03-16 09:17:31', '2023-03-04 00:31:58'),
(226, 'Cooper', 'male.jpg', 'member475176', 'pass8750', '彭柏翰', '男', '1995-01-10', 'mail21379@test.com', '0918563733', 'A199274493', '1', '0', '2023-03-16 09:17:31', '2023-03-04 11:31:29'),
(227, 'Robert', 'male.jpg', 'member990764', 'pass5406', '孫冠霖', '男', '1991-02-19', 'mail96674@test.com', '0918302119', 'B154644161', '2', '1', '2023-03-16 09:17:31', '2023-03-04 23:25:21'),
(228, 'Abigail', 'female.jpg', 'member729462', 'pass9194', '宋郁婷', '女', '2020-09-05', 'mail32741@test.com', '0918705500', 'A202214893', '3', '1', '2023-03-16 09:17:31', '2023-03-04 01:10:24'),
(229, 'Joseph', 'male.jpg', 'member769292', 'pass2378', '於宇軒', '男', '1991-09-21', 'mail54277@test.com', '0918224731', 'A166313275', '1', '0', '2023-03-16 09:17:31', '2023-03-04 14:05:32'),
(230, 'Dana', 'female.jpg', 'member821102', 'pass6217', '王宜庭', '女', '2002-05-19', 'mail70917@test.com', '0918989836', 'C218015315', '1', '1', '2023-03-16 09:17:31', '2023-03-04 10:33:10'),
(231, 'Melody', 'female.jpg', 'member857399', 'pass9669', '程詩涵', '女', '1989-06-06', 'mail84149@test.com', '0918420460', 'A219168155', '1', '1', '2023-03-16 09:17:31', '2023-03-04 23:56:09'),
(232, 'Emily', 'female.jpg', 'member428453', 'pass7722', '何怡萱', '女', '2004-03-24', 'mail43661@test.com', '0918927639', 'D222358804', '1', '1', '2023-03-16 09:17:31', '2023-03-04 05:57:30'),
(233, 'Jade', 'female.jpg', 'member472058', 'pass9949', '梁雅筑', '女', '2018-07-19', 'mail16015@test.com', '0918280266', 'A227135934', '1', '0', '2023-03-16 09:17:31', '2023-03-04 09:41:27'),
(234, 'Kinsley', 'female.jpg', 'member342744', 'pass2988', '高怡婷', '女', '2008-02-03', 'mail89471@test.com', '0918448719', 'B238961349', '3', '0', '2023-03-16 09:17:31', '2023-03-04 17:28:43'),
(235, 'Andy', 'male.jpg', 'member678684', 'pass8389', '鄭彥廷', '男', '1987-03-01', 'mail41257@test.com', '0918394153', 'B147867061', '2', '0', '2023-03-16 09:17:31', '2023-03-04 07:18:27'),
(236, 'Victoria', 'female.jpg', 'member587297', 'pass1298', '孫鈺婷', '女', '1995-03-13', 'mail67866@test.com', '0918196516', 'B265881106', '1', '1', '2023-03-16 09:17:31', '2023-03-04 19:16:23'),
(237, 'Hudson', 'male.jpg', 'member251072', 'pass4809', '劉家瑋', '男', '1992-03-15', 'mail65078@test.com', '0918863504', 'A166110234', '3', '1', '2023-03-16 09:17:31', '2023-03-04 00:12:24'),
(238, 'Bella', 'female.jpg', 'member421470', 'pass9169', '王佳穎', '女', '2022-12-12', 'mail92964@test.com', '0918817917', 'C202456499', '2', '1', '2023-03-16 09:17:31', '2023-03-04 18:23:48'),
(239, 'Julia', 'female.jpg', 'member109058', 'pass5628', '傅怡萱', '女', '1994-02-01', 'mail54993@test.com', '0918541277', 'C268197038', '2', '0', '2023-03-16 09:17:31', '2023-03-04 03:32:17'),
(240, 'Jade', 'female.jpg', 'member966399', 'pass5187', '何雅婷', '女', '1997-11-06', 'mail79441@test.com', '0918562738', 'C215395234', '1', '0', '2023-03-16 09:17:31', '2023-03-04 09:58:02'),
(241, 'Hank', 'male.jpg', 'member321573', 'pass6663', '馮冠廷', '男', '2009-05-20', 'mail45373@test.com', '0918480565', 'A167228919', '1', '0', '2023-03-16 09:17:31', '2023-03-04 05:37:23'),
(242, 'Scarlett', 'female.jpg', 'member150374', 'pass3091', '劉雅婷', '女', '1993-06-11', 'mail95308@test.com', '0918544437', 'C207467644', '2', '0', '2023-03-16 09:17:31', '2023-03-04 21:25:30'),
(243, 'Miles', 'male.jpg', 'member335485', 'pass7167', '程柏翰', '男', '2000-05-07', 'mail29024@test.com', '0918661801', 'D110824049', '2', '1', '2023-03-16 09:17:31', '2023-03-04 15:09:44'),
(244, 'Jackson', 'male.jpg', 'member755562', 'pass9611', '唐家豪', '男', '2015-08-04', 'mail16145@test.com', '0918393715', 'C181293459', '2', '0', '2023-03-16 09:17:31', '2023-03-04 10:40:02'),
(245, 'Alice', 'female.jpg', 'member338918', 'pass2703', '趙怡君', '女', '1999-06-07', 'mail56221@test.com', '0918960536', 'B259769420', '2', '0', '2023-03-16 09:17:31', '2023-03-04 15:05:05'),
(246, 'Benjamin', 'male.jpg', 'member549151', 'pass1322', '周家瑋', '男', '2019-04-30', 'mail79357@test.com', '0918406097', 'D176028571', '3', '1', '2023-03-16 09:17:31', '2023-03-04 17:10:46'),
(247, 'Kitty', 'female.jpg', 'member895705', 'pass7702', '陳鈺婷', '女', '2002-04-24', 'mail74773@test.com', '0918628388', 'C234806934', '2', '0', '2023-03-16 09:17:31', '2023-03-04 09:00:09'),
(248, 'Roman', 'male.jpg', 'member237037', 'pass1506', '胡宇軒', '男', '1999-07-02', 'mail85956@test.com', '0918174613', 'C100352939', '2', '0', '2023-03-16 09:17:31', '2023-03-04 16:13:37'),
(249, 'Mia', 'female.jpg', 'member600522', 'pass8939', '謝郁婷', '女', '1989-12-30', 'mail72135@test.com', '0918829645', 'C267559056', '2', '0', '2023-03-16 09:17:31', '2023-03-04 06:35:12'),
(250, 'Joseph', 'male.jpg', 'member327801', 'pass5937', '沈冠宇', '男', '2000-03-19', 'mail54701@test.com', '0918395169', 'D127162453', '2', '1', '2023-03-16 09:17:31', '2023-03-04 10:49:13'),
(251, 'Kai', 'male.jpg', 'member656320', 'pass9491', '羅家豪', '男', '1993-05-25', 'mail87479@test.com', '0918613149', 'B109357170', '1', '1', '2023-03-16 09:17:31', '2023-03-04 20:32:13'),
(252, 'Candice', 'female.jpg', 'member873534', 'pass8736', '周詩涵', '女', '1985-04-02', 'mail58156@test.com', '0918986375', 'C240627216', '2', '1', '2023-03-16 09:17:31', '2023-03-04 23:27:14'),
(253, 'Jameson', 'male.jpg', 'member150947', 'pass1371', '曾承翰', '男', '1994-11-20', 'mail84266@test.com', '0918234495', 'D167020672', '2', '1', '2023-03-16 09:17:31', '2023-03-04 03:00:28'),
(254, 'Cooper', 'male.jpg', 'member449306', 'pass9456', '馮家豪', '男', '2000-11-20', 'mail89415@test.com', '0918493814', 'D186879126', '1', '0', '2023-03-16 09:17:31', '2023-03-04 15:16:32'),
(255, 'Hank', 'male.jpg', 'member594420', 'pass6134', '韓柏翰', '男', '2011-11-08', 'mail29311@test.com', '0918387839', 'C172103032', '1', '0', '2023-03-16 09:17:31', '2023-03-04 15:40:08'),
(256, 'Carter', 'male.jpg', 'member368272', 'pass5567', '何家豪', '男', '1986-11-05', 'mail42756@test.com', '0918512339', 'B174306563', '2', '0', '2023-03-16 09:17:31', '2023-03-04 08:46:34'),
(257, 'Dana', 'female.jpg', 'member604004', 'pass3132', '郭佳穎', '女', '1997-12-05', 'mail21412@test.com', '0918198281', 'B221225316', '1', '1', '2023-03-16 09:17:31', '2023-03-04 09:23:27'),
(258, 'Mateo', 'male.jpg', 'member383645', 'pass4572', '徐冠宇', '男', '2010-04-03', 'mail30805@test.com', '0918665058', 'D135310262', '2', '1', '2023-03-16 09:17:31', '2023-03-04 09:34:30'),
(259, 'Mila', 'female.jpg', 'member396827', 'pass9425', '傅怡君', '女', '2021-11-11', 'mail22021@test.com', '0918636884', 'A276984929', '1', '0', '2023-03-16 09:17:31', '2023-03-04 03:30:38'),
(260, 'Luna', 'female.jpg', 'member232432', 'pass4951', '羅佳穎', '女', '2022-06-09', 'mail71460@test.com', '0918990613', 'B262177340', '3', '0', '2023-03-16 09:17:31', '2023-03-04 07:54:51'),
(261, 'Leo', 'male.jpg', 'member299410', 'pass9238', '許宇軒', '男', '1997-03-23', 'mail34948@test.com', '0918665984', 'A152803490', '1', '1', '2023-03-16 09:17:31', '2023-03-04 22:43:39'),
(262, 'Ruby', 'female.jpg', 'member482931', 'pass6130', '胡佳穎', '女', '2011-10-12', 'mail49812@test.com', '0918299736', 'A279570697', '2', '1', '2023-03-16 09:17:31', '2023-03-04 13:38:51'),
(263, 'Leo', 'male.jpg', 'member291776', 'pass1511', '孫家豪', '男', '2010-04-10', 'mail76701@test.com', '0918801512', 'D151946572', '1', '0', '2023-03-16 09:17:31', '2023-03-04 00:27:38'),
(264, 'Asher', 'male.jpg', 'member920045', 'pass6331', '高冠宇', '男', '2016-12-26', 'mail91096@test.com', '0918599499', 'A123739777', '2', '0', '2023-03-16 09:17:31', '2023-03-04 22:14:38'),
(265, 'Daniel', 'male.jpg', 'member801768', 'pass9367', '程承翰', '男', '2009-01-14', 'mail96641@test.com', '0918167095', 'C175646406', '3', '1', '2023-03-16 09:17:31', '2023-03-04 15:48:43'),
(266, 'Riley', 'male.jpg', 'member646916', 'pass2482', '李冠宇', '男', '2017-01-09', 'mail45818@test.com', '0918200131', 'B133166971', '2', '0', '2023-03-16 09:17:31', '2023-03-04 09:26:55');
INSERT INTO `member` (`membersid`, `memNickName`, `memHeadshot`, `memAccount`, `memPassword`, `memName`, `memGender`, `memBirth`, `memEmail`, `memMobile`, `memIdentity`, `memLevel`, `memVerified`, `memCreatAt`, `memEditAt`) VALUES
(267, 'William', 'male.jpg', 'member497749', 'pass1953', '孫家豪', '男', '2002-11-13', 'mail33546@test.com', '0918911536', 'B194225711', '1', '1', '2023-03-16 09:17:31', '2023-03-04 12:58:51'),
(268, 'Amy', 'female.jpg', 'member871640', 'pass5431', '呂怡君', '女', '2013-10-24', 'mail67217@test.com', '0918865956', 'C289505974', '1', '1', '2023-03-16 09:17:31', '2023-03-04 12:47:24'),
(269, 'Bennett', 'male.jpg', 'member635428', 'pass1168', '曹家瑋', '男', '2007-10-11', 'mail52688@test.com', '0918167644', 'A189894803', '2', '0', '2023-03-16 09:17:31', '2023-03-04 17:35:37'),
(270, 'Lucy', 'female.jpg', 'member596062', 'pass8377', '謝怡君', '女', '2005-05-09', 'mail39819@test.com', '0918719986', 'C269144936', '3', '1', '2023-03-16 09:17:31', '2023-03-04 16:00:38'),
(271, 'Oliver', 'male.jpg', 'member606151', 'pass1822', '鄭柏翰', '男', '2011-04-19', 'mail97449@test.com', '0918521108', 'C144900241', '2', '0', '2023-03-16 09:17:31', '2023-03-04 07:33:17'),
(272, 'Melody', 'female.jpg', 'member953662', 'pass4912', '沈雅筑', '女', '1996-03-16', 'mail53767@test.com', '0918211645', 'A288660344', '2', '0', '2023-03-16 09:17:31', '2023-03-04 14:46:01'),
(273, 'Noah', 'male.jpg', 'member800358', 'pass2955', '黃宇軒', '男', '2008-10-19', 'mail87743@test.com', '0918650437', 'A168124631', '2', '0', '2023-03-16 09:17:31', '2023-03-04 09:37:10'),
(274, 'Jackson', 'male.jpg', 'member994161', 'pass4647', '黃冠廷', '男', '2014-04-20', 'mail77585@test.com', '0918285115', 'A170210069', '2', '1', '2023-03-16 09:17:31', '2023-03-04 04:02:23'),
(275, 'Silas', 'male.jpg', 'member791709', 'pass8383', '郭家豪', '男', '2020-10-20', 'mail93061@test.com', '0918164076', 'A140449498', '3', '0', '2023-03-16 09:17:31', '2023-03-04 22:01:09'),
(276, 'Nora', 'female.jpg', 'member846119', 'pass8529', '唐雅婷', '女', '2017-02-27', 'mail40042@test.com', '0918788129', 'A241781121', '3', '0', '2023-03-16 09:17:31', '2023-03-04 08:12:31'),
(277, 'Owen', 'male.jpg', 'member315128', 'pass8062', '馮家豪', '男', '1993-08-15', 'mail66726@test.com', '0918506784', 'C152090524', '1', '0', '2023-03-16 09:17:31', '2023-03-04 19:17:58'),
(278, 'Elena', 'female.jpg', 'member201096', 'pass9488', '楊郁婷', '女', '1991-06-21', 'mail16617@test.com', '0918551660', 'D227920873', '2', '1', '2023-03-16 09:17:31', '2023-03-04 11:00:32'),
(279, 'David', 'male.jpg', 'member145159', 'pass3523', '鄭柏翰', '男', '2022-12-03', 'mail37208@test.com', '0918447820', 'A127254027', '3', '1', '2023-03-16 09:17:31', '2023-03-04 18:39:37'),
(280, 'Luca', 'male.jpg', 'member558162', 'pass3997', '曾彥廷', '男', '2011-12-20', 'mail66853@test.com', '0918414744', 'C117036980', '1', '1', '2023-03-16 09:17:31', '2023-03-04 02:05:56'),
(281, 'Henry', 'male.jpg', 'member844309', 'pass4100', '袁家瑋', '男', '1992-09-12', 'mail17401@test.com', '0918812986', 'C133649046', '1', '1', '2023-03-16 09:17:31', '2023-03-04 18:13:18'),
(282, 'Elijah', 'male.jpg', 'member559310', 'pass6112', '羅宗翰', '男', '2004-06-22', 'mail87606@test.com', '0918251679', 'A101925940', '3', '1', '2023-03-16 09:17:31', '2023-03-04 07:49:52'),
(283, 'Mia', 'female.jpg', 'member220872', 'pass8752', '林宜庭', '女', '1996-12-12', 'mail92057@test.com', '0918685661', 'D209627572', '1', '0', '2023-03-16 09:17:31', '2023-03-04 00:59:37'),
(284, 'Michael', 'male.jpg', 'member279866', 'pass4227', '郭承翰', '男', '2006-01-18', 'mail18543@test.com', '0918793343', 'D102684191', '1', '0', '2023-03-16 09:17:31', '2023-03-04 17:03:49'),
(285, 'Zion', 'male.jpg', 'member627704', 'pass6223', '董家豪', '男', '2016-12-09', 'mail14206@test.com', '0918962594', 'D181038978', '3', '0', '2023-03-16 09:17:31', '2023-03-04 15:07:19'),
(286, 'Jayden', 'male.jpg', 'member988266', 'pass8677', '趙家瑋', '男', '2012-08-22', 'mail24892@test.com', '0918532617', 'A114479496', '2', '1', '2023-03-16 09:17:31', '2023-03-04 20:08:01'),
(287, 'Claire', 'female.jpg', 'member422301', 'pass6327', '胡怡婷', '女', '1996-06-28', 'mail57664@test.com', '0918742285', 'C251415240', '1', '0', '2023-03-16 09:17:31', '2023-03-04 13:26:56'),
(288, 'William', 'male.jpg', 'member785578', 'pass8331', '楊柏翰', '男', '2004-01-12', 'mail56516@test.com', '0918895400', 'B194879943', '3', '0', '2023-03-16 09:17:31', '2023-03-04 09:53:33'),
(289, 'Sarah', 'female.jpg', 'member830756', 'pass2532', '黃宜庭', '女', '2011-02-10', 'mail86707@test.com', '0918689568', 'C295694285', '2', '1', '2023-03-16 09:17:31', '2023-03-04 08:28:29'),
(290, 'Riley', 'male.jpg', 'member747118', 'pass1129', '張冠宇', '男', '2003-10-12', 'mail10048@test.com', '0918319254', 'B166430591', '1', '0', '2023-03-16 09:17:31', '2023-03-04 21:17:21'),
(291, 'Clare', 'female.jpg', 'member634513', 'pass4438', '林雅筑', '女', '2020-03-04', 'mail32837@test.com', '0918757992', 'A295147643', '2', '0', '2023-03-16 09:17:31', '2023-03-04 03:07:38'),
(292, 'Henry', 'male.jpg', 'member536078', 'pass3969', '黃柏翰', '男', '2017-11-24', 'mail32780@test.com', '0918454434', 'D124691435', '2', '0', '2023-03-16 09:17:31', '2023-03-04 03:37:07'),
(293, 'Bess', 'female.jpg', 'member226924', 'pass9482', '於怡婷', '女', '2019-10-28', 'mail84220@test.com', '0918136701', 'B202947453', '3', '0', '2023-03-16 09:17:31', '2023-03-04 20:59:08'),
(294, 'Ella', 'female.jpg', 'member565020', 'pass5582', '朱雅婷', '女', '2012-05-13', 'mail32812@test.com', '0918493885', 'C245850581', '3', '1', '2023-03-16 09:17:31', '2023-03-04 05:36:58'),
(295, 'Evelyn', 'female.jpg', 'member881151', 'pass5830', '許雅筑', '女', '1994-09-27', 'mail12124@test.com', '0918596836', 'A285520772', '3', '1', '2023-03-16 09:17:31', '2023-03-04 13:54:59'),
(296, 'Oliver', 'male.jpg', 'member434447', 'pass3396', '胡家豪', '男', '1993-08-18', 'mail42386@test.com', '0918511580', 'B182265627', '1', '0', '2023-03-16 09:17:31', '2023-03-04 03:35:43'),
(297, 'Sarah', 'female.jpg', 'member817467', 'pass5577', '趙鈺婷', '女', '2002-05-29', 'mail42109@test.com', '0918946554', 'A297452817', '1', '1', '2023-03-16 09:17:31', '2023-03-04 21:48:12'),
(298, 'Julia', 'female.jpg', 'member959041', 'pass6462', '董詩涵', '女', '1985-09-03', 'mail29552@test.com', '0918228997', 'A277756335', '3', '1', '2023-03-16 09:17:31', '2023-03-04 06:16:59'),
(299, 'Anthony', 'male.jpg', 'member587627', 'pass8284', '徐宗翰', '男', '2013-04-28', 'mail58415@test.com', '0918204636', 'C163512824', '2', '1', '2023-03-16 09:17:31', '2023-03-04 16:18:01'),
(300, 'Beau', 'male.jpg', 'member380189', 'pass5814', '張承翰', '男', '2000-02-09', 'mail34310@test.com', '0918485814', 'A162438486', '2', '1', '2023-03-16 09:17:31', '2023-03-04 06:20:30'),
(301, 'Emily', 'female.jpg', 'member401414', 'pass8616', '何怡婷', '女', '1998-07-19', 'mail91955@test.com', '0918457945', 'D299036249', '2', '0', '2023-03-16 09:17:31', '2023-03-04 02:36:42'),
(302, 'Zoey', 'female.jpg', 'member972017', 'pass5037', '於郁婷', '女', '2020-12-21', 'mail92344@test.com', '0918404318', 'A287542221', '2', '1', '2023-03-16 09:17:31', '2023-03-04 23:17:53'),
(303, 'Levi', 'male.jpg', 'member168544', 'pass6101', '李承翰', '男', '1985-07-30', 'mail29550@test.com', '0918360600', 'B180776504', '1', '0', '2023-03-16 09:17:31', '2023-03-04 19:43:43'),
(304, 'Zoey', 'female.jpg', 'member669863', 'pass5844', '曾雅筑', '女', '1997-07-22', 'mail73495@test.com', '0918996652', 'D228268571', '2', '1', '2023-03-16 09:17:31', '2023-03-04 09:08:49'),
(305, 'Benjamin', 'male.jpg', 'member141421', 'pass8628', '朱冠廷', '男', '1991-02-26', 'mail66666@test.com', '0918961257', 'A166253713', '2', '0', '2023-03-16 09:17:31', '2023-03-04 14:13:16'),
(306, 'Flora', 'female.jpg', 'member416319', 'pass2678', '胡雅婷', '女', '2004-12-17', 'mail92462@test.com', '0918839739', 'A235079539', '1', '0', '2023-03-16 09:17:31', '2023-03-04 15:45:01'),
(307, 'Abigail', 'female.jpg', 'member345832', 'pass6102', '鄧詩涵', '女', '2002-08-17', 'mail20066@test.com', '0918690742', 'A257540145', '3', '1', '2023-03-16 09:17:31', '2023-03-04 08:57:35'),
(308, 'Doris', 'female.jpg', 'member664731', 'pass3260', '楊宜庭', '女', '1999-10-03', 'mail89081@test.com', '0918245492', 'C237432149', '3', '1', '2023-03-16 09:17:31', '2023-03-04 04:50:52'),
(309, 'Elijah', 'male.jpg', 'member945482', 'pass4159', '沈家瑋', '男', '1986-11-27', 'mail36422@test.com', '0918301300', 'C128678336', '3', '0', '2023-03-16 09:17:31', '2023-03-04 00:53:22'),
(310, 'Grace', 'female.jpg', 'member133551', 'pass1170', '羅雅筑', '女', '2006-09-02', 'mail96668@test.com', '0918995046', 'D262839407', '1', '1', '2023-03-16 09:17:31', '2023-03-04 05:53:37'),
(311, 'Harper', 'female.jpg', 'member576510', 'pass3887', '徐怡萱', '女', '1997-04-06', 'mail51969@test.com', '0918110447', 'C289522857', '3', '0', '2023-03-16 09:17:31', '2023-03-04 13:37:11'),
(312, 'Aiden', 'male.jpg', 'member371787', 'pass6189', '胡冠宇', '男', '1992-06-05', 'mail53961@test.com', '0918962797', 'D129280541', '3', '1', '2023-03-16 09:17:31', '2023-03-04 22:38:58'),
(313, 'Emily', 'female.jpg', 'member126229', 'pass2395', '蕭怡萱', '女', '2001-01-08', 'mail94111@test.com', '0918215209', 'B249714315', '1', '1', '2023-03-16 09:17:31', '2023-03-04 04:09:31'),
(314, 'Hunter', 'male.jpg', 'member922128', 'pass9537', '黃彥廷', '男', '2019-02-23', 'mail15206@test.com', '0918801524', 'B174715079', '1', '1', '2023-03-16 09:17:31', '2023-03-04 04:20:10'),
(315, 'Daisy', 'female.jpg', 'member759616', 'pass2522', '吳雅筑', '女', '2001-04-03', 'mail13529@test.com', '0918241250', 'C232161141', '1', '1', '2023-03-16 09:17:31', '2023-03-04 22:56:19'),
(316, 'Maria', 'female.jpg', 'member876979', 'pass5920', '胡雅筑', '女', '1985-10-15', 'mail47611@test.com', '0918386359', 'B226417410', '2', '0', '2023-03-16 09:17:31', '2023-03-04 19:47:27'),
(317, 'Abigail', 'female.jpg', 'member266236', 'pass7507', '沈鈺婷', '女', '2019-05-06', 'mail54618@test.com', '0918154351', 'D254898100', '3', '0', '2023-03-16 09:17:31', '2023-03-04 07:26:39'),
(318, 'Grayson', 'male.jpg', 'member963547', 'pass7249', '黃冠廷', '男', '1999-09-19', 'mail95163@test.com', '0918199690', 'A103802168', '2', '0', '2023-03-16 09:17:31', '2023-03-04 19:49:02'),
(319, 'Nova', 'female.jpg', 'member374495', 'pass7715', '周怡婷', '女', '1986-02-21', 'mail80153@test.com', '0918765365', 'B260678749', '2', '0', '2023-03-16 09:17:31', '2023-03-04 07:09:45'),
(320, 'Doris', 'female.jpg', 'member614064', 'pass9379', '唐郁婷', '女', '2014-09-25', 'mail42889@test.com', '0918656146', 'C264624186', '3', '1', '2023-03-16 09:17:31', '2023-03-04 13:35:51'),
(321, 'Bonnie', 'female.jpg', 'member743206', 'pass3328', '劉佳穎', '女', '1997-09-18', 'mail44015@test.com', '0918378813', 'B262270554', '2', '1', '2023-03-16 09:17:31', '2023-03-04 22:12:35'),
(322, 'Joseph', 'male.jpg', 'member354526', 'pass3260', '高冠宇', '男', '2017-10-25', 'mail41762@test.com', '0918117785', 'C148624880', '2', '0', '2023-03-16 09:17:31', '2023-03-04 16:45:47'),
(323, 'Bonnie', 'female.jpg', 'member922839', 'pass5745', '孫怡萱', '女', '2001-09-09', 'mail40110@test.com', '0918600473', 'B233500019', '3', '0', '2023-03-16 09:17:31', '2023-03-04 18:25:13'),
(324, 'Charlie', 'male.jpg', 'member219516', 'pass3164', '張冠宇', '男', '1987-10-08', 'mail56062@test.com', '0918239942', 'A107465758', '3', '1', '2023-03-16 09:17:31', '2023-03-04 01:03:53'),
(325, 'Luke', 'male.jpg', 'member933322', 'pass6941', '周柏翰', '男', '2000-06-14', 'mail22843@test.com', '0918711862', 'A159911517', '3', '0', '2023-03-16 09:17:31', '2023-03-04 16:33:57'),
(326, 'Doris', 'female.jpg', 'member891602', 'pass7309', '梁雅筑', '女', '2000-08-07', 'mail62309@test.com', '0918128387', 'A267163074', '1', '0', '2023-03-16 09:17:31', '2023-03-04 02:05:04'),
(327, 'Gary', 'male.jpg', 'member767152', 'pass2850', '謝承翰', '男', '2019-03-16', 'mail18189@test.com', '0918989631', 'C194187071', '2', '1', '2023-03-16 09:17:31', '2023-03-04 05:43:52'),
(328, 'Sophia', 'female.jpg', 'member803816', 'pass1738', '趙宜庭', '女', '2015-11-28', 'mail82551@test.com', '0918865642', 'D211812590', '1', '0', '2023-03-16 09:17:31', '2023-03-04 05:03:20'),
(329, 'Hunter', 'male.jpg', 'member875132', 'pass9526', '蕭宇軒', '男', '2016-11-14', 'mail35046@test.com', '0918935011', 'A154937832', '3', '1', '2023-03-16 09:17:31', '2023-03-04 14:53:54'),
(330, 'Grayson', 'male.jpg', 'member790178', 'pass8812', '程彥廷', '男', '2001-02-01', 'mail99560@test.com', '0918868970', 'C122679243', '2', '0', '2023-03-16 09:17:31', '2023-03-04 12:31:56'),
(331, 'Zoey', 'female.jpg', 'member302886', 'pass4483', '陳怡萱', '女', '2003-01-23', 'mail71532@test.com', '0918249818', 'B254440310', '2', '0', '2023-03-16 09:17:31', '2023-03-04 13:53:00'),
(332, 'Amy', 'female.jpg', 'member327574', 'pass1338', '黃郁婷', '女', '2016-01-17', 'mail47983@test.com', '0918115844', 'A259960562', '1', '1', '2023-03-16 09:17:31', '2023-03-04 14:05:31');

-- --------------------------------------------------------

--
-- 資料表結構 `membercaptcha`
--

CREATE TABLE `membercaptcha` (
  `memCaptchaSid` int(11) NOT NULL COMMENT '會員驗證碼AI',
  `memCaptchaText` varchar(255) DEFAULT NULL COMMENT '會員驗證碼生成內容'
) ENGINE=InnoDB DEFAULT CHARSET=utf8mb4 COLLATE=utf8mb4_general_ci;

--
-- 傾印資料表的資料 `membercaptcha`
--

INSERT INTO `membercaptcha` (`memCaptchaSid`, `memCaptchaText`) VALUES
(1, 'Vzt2');

-- --------------------------------------------------------

--
-- 資料表結構 `order_summary`
--

CREATE TABLE `order_summary` (
  `orderSid` int(255) NOT NULL,
  `memberSid` int(4) NOT NULL COMMENT '會員編號',
  `gameSid` int(4) NOT NULL COMMENT '遊戲編號',
  `checkPrice` int(5) NOT NULL COMMENT '金額',
  `checkQuantity` int(2) NOT NULL COMMENT '遊玩人數',
  `orderState` varchar(255) NOT NULL COMMENT '訂單狀態',
  `orderTime` varchar(255) NOT NULL COMMENT '預約時間',
  `orderDate` varchar(255) NOT NULL,
  `orderUsername` varchar(255) NOT NULL,
  `orderPhone` varchar(255) NOT NULL,
  `orderAdress` varchar(255) NOT NULL,
  `orderEmail` varchar(255) NOT NULL,
  `orderRemark` varchar(255) DEFAULT NULL,
  `orderDiscount` int(11) DEFAULT NULL,
  `create_at` datetime NOT NULL
) ENGINE=InnoDB DEFAULT CHARSET=utf8mb4 COLLATE=utf8mb4_general_ci;

--
-- 傾印資料表的資料 `order_summary`
--

INSERT INTO `order_summary` (`orderSid`, `memberSid`, `gameSid`, `checkPrice`, `checkQuantity`, `orderState`, `orderTime`, `orderDate`, `orderUsername`, `orderPhone`, `orderAdress`, `orderEmail`, `orderRemark`, `orderDiscount`, `create_at`) VALUES
(1679423946, 1, 1, 1800, 3, '1', '11:00', '2023-03-22', '玩家', '0912345678', '地址', 'email', '', 1, '2023-03-22 02:39:06'),
(1679424052, 1, 2, 1800, 3, '0', '11:00', '2023-03-22', '玩家', '0912345678', '地址', 'email', '', 1, '2023-03-22 02:40:52'),
(1679424176, 1, 3, 1800, 3, '2', '11:00', '2023-03-22', '玩家', '0912345678', '地址', 'email', '', 1, '2023-03-22 02:42:56'),
(1679424232, 1, 4, 1800, 3, '1', '11:00', '2023-03-22', '玩家', '0912345678', '地址', 'email', '', 1, '2023-03-22 02:43:52'),
(1679424343, 1, 1, 1500, 3, '2', '10:00', '2023-03-22', '玩家', '0912345678', '地址', 'email', '', 1, '2023-03-22 02:45:44'),
(1679426178, 1, 1, 2000, 4, '0', '14:00', '2023-03-22', '玩家', '0912345678', '地址', 'email', '', 1, '2023-03-22 03:16:19'),
(1679426334, 1, 2, 1500, 3, '0', '17:00', '2023-03-22', '玩家', '0912345678', '地址', 'email', '', 1, '2023-03-22 03:18:54'),
(1679426860, 1, 3, 900, 3, '0', '11:00', '2023-03-22', '玩家', '0912345678', '地址', 'email', '', 1, '2023-03-22 03:27:41'),
(1679426945, 364, 4, 3600, 6, '0', '13:00', '2023-03-22', '玩家', '0912345678', '地址', 'email', '', 1, '2023-03-22 03:29:05'),
(1679565094, 1, 5, 2130, 8, '0', '13:00', '2023-03-23', 'tttt', '0911111111', '', '00@gmail.com', '', 5, '2023-03-23 17:51:34'),
(1679565126, 1, 1, 2130, 8, '0', '16:00', '2023-03-23', 'tttt', '0911111111', '', '00@gmail.com', '', 5, '2023-03-23 17:52:06'),
(1679629947, 1, 2, 2490, 8, '0', '16:00', '2023-04-20', 'tttt', '0911111111', '', '00@gmail.com', '', 5, '2023-03-24 11:52:27'),
(1679863682, 1, 1, 1190, 3, '0', '17:00', '2023-03-27', '123', '0912345678', '', '123', '', 0, '2023-03-27 04:48:02'),
(1679881031, 1, 1, 900, 2, '0', '10:00', '2023-03-27', 'tttt', '0911111111', '', '00@gmail.com', '', 0, '2023-03-27 09:37:12'),
(1679979722, 369, 7, 1950, 4, '0', '15:00', '2023-03-31', '張三', '0912345678', '', 'example@gmail.com', '', 22, '2023-03-28 13:02:03');

-- --------------------------------------------------------

--
-- 資料表結構 `payment_types`
--

CREATE TABLE `payment_types` (
  `paymentTypeSid` int(11) NOT NULL,
  `paymentTypeName` varchar(255) NOT NULL COMMENT '付款方式名稱',
  `paymentTypeImg` varchar(255) NOT NULL COMMENT '付款方式圖片名稱',
  `created_at` datetime NOT NULL DEFAULT current_timestamp() COMMENT '新增時間',
  `updated_at` datetime NOT NULL COMMENT '更新時間'
) ENGINE=InnoDB DEFAULT CHARSET=utf8mb4 COLLATE=utf8mb4_general_ci;

--
-- 傾印資料表的資料 `payment_types`
--

INSERT INTO `payment_types` (`paymentTypeSid`, `paymentTypeName`, `paymentTypeImg`, `created_at`, `updated_at`) VALUES
(1, 'Line pay', 'payment_type_LinePay.png\n', '2023-03-02 16:08:02', '2023-03-02 16:07:33');

-- --------------------------------------------------------

--
-- 資料表結構 `sessions`
--

CREATE TABLE `sessions` (
  `session_id` varchar(128) CHARACTER SET utf8mb4 COLLATE utf8mb4_bin NOT NULL,
  `expires` int(11) UNSIGNED NOT NULL,
  `data` mediumtext CHARACTER SET utf8mb4 COLLATE utf8mb4_bin DEFAULT NULL
) ENGINE=InnoDB DEFAULT CHARSET=utf8mb4 COLLATE=utf8mb4_general_ci;

-- --------------------------------------------------------

--
-- 資料表結構 `store`
--

CREATE TABLE `store` (
  `storeSid` int(11) NOT NULL COMMENT '工作室編號',
  `storeName` varchar(50) NOT NULL COMMENT '工作室店名',
  `storeAccount` varchar(50) NOT NULL COMMENT '工作室帳號',
  `storePassword` varchar(50) NOT NULL COMMENT '工作室密碼',
  `storeLeader` varchar(50) NOT NULL COMMENT '工作室負責人',
  `storeLeaderId` varchar(10) NOT NULL COMMENT '工作室負責人身分證',
  `storeMobile` varchar(13) NOT NULL COMMENT '工作室電話號碼',
  `storeCity` varchar(3) NOT NULL COMMENT '縣市',
  `storeAddress` varchar(50) NOT NULL COMMENT '工作室地址',
  `storelat` varchar(255) DEFAULT NULL COMMENT '經度',
  `storelon` varchar(255) DEFAULT NULL COMMENT '緯度',
  `storeEmail` varchar(50) NOT NULL COMMENT '工作室信箱',
  `storeTime` varchar(15) NOT NULL COMMENT '工作室營業時間',
  `storeRest` varchar(255) DEFAULT NULL COMMENT '工作室公休時間',
  `storeWebsite` varchar(255) NOT NULL COMMENT '工作室官網',
  `storeLogo` varchar(255) NOT NULL COMMENT '工作室Logo',
  `storeNews` varchar(255) NOT NULL COMMENT '工作室資訊',
  `storeCreatedAt` datetime NOT NULL DEFAULT current_timestamp() COMMENT '新增時間',
  `storeEditAt` datetime NOT NULL DEFAULT current_timestamp() COMMENT '更新時間'
) ENGINE=InnoDB DEFAULT CHARSET=utf8mb4 COLLATE=utf8mb4_general_ci;

--
-- 傾印資料表的資料 `store`
--

INSERT INTO `store` (`storeSid`, `storeName`, `storeAccount`, `storePassword`, `storeLeader`, `storeLeaderId`, `storeMobile`, `storeCity`, `storeAddress`, `storelat`, `storelon`, `storeEmail`, `storeTime`, `storeRest`, `storeWebsite`, `storeLogo`, `storeNews`, `storeCreatedAt`, `storeEditAt`) VALUES
(1, '笨蛋工作室密室逃脫', 'jimjim666', '12345678', '郭重源', 'B151398766', '02-87874387', '台北市', '台北市松山區南京東路五段399號九樓', '25.051750574685638', '121.56963105542764', 'hahaha999@gmail.com', '10:00-21:00', '', 'https://www.stupidparticle.com/?utm_source=EscapeBar&utm_medium=referral&utm_campaign=EscapeBarFirmPage', 'Logo01.jpg', '為什麼叫『笨蛋工作室』？\r\n\r\n我們認為，笨蛋是一種精神、一種勇氣！平常熱情瘋狂的我們，腦中充滿天馬行空的 idea，無論多瘋狂的創意，都要試著去實現。這就是StupidParticle的笨蛋精神！\r\n\r\n『笨蛋』也代表著無論如何，都要堅持快樂的勇氣，快樂永遠都是生活中最重要的元素，但有太多人因為忙碌的生活而失去了追逐快樂的勇氣。笨蛋工作室致力於開發最多元的娛樂方式，堅持原創，全新風格的玩法，身歷其境的臨場體驗，將帶給你前所未有的震撼！', '2022-12-10 09:10:00', '2023-03-27 06:10:19'),
(2, '哇沙謎創意工作室', 'rinn888', 'r610xy5xz0', '侯政澤', 'B151398766', '04-83421127', '台中市', '台中市北區永興街370號B1-4', '24.168293845474782', '120.68317835541639', 'rinn888@gmail.com', '10:00-22:00', '', 'https://www.facebook.com/wasabicreative/', 'Logo02.jpg', '??七月起，冒險王主題統一酌收訂金2000元！以保障工作室營運以及每一位想玩冒險王的玩家。\n??冒險王七∼十二月可預約的場次在預約系統上都看的到喔∼不能選擇擇的場次表示已經有人預約，如有釋出場次都會在我們的IG限時動態公告，大家可以多多關注我們??', '2022-12-10 11:10:00', '2022-12-10 11:30:00'),
(3, 'FunLock 放樂工作室', 'FunLock', 'd8mouyoh', '段毅祥', 'B154718171', '04-82429752', '台中市', '台中市西區公益路130號3樓', '24.1510666323307', '120.66048792361798', 'funlock@gmail.com', '13:00-21:00', '', 'https://funlockstudio.com/?utm_source=EscapeBar&utm_medium=referral&utm_campaign=EscapeBarFirmPage', 'Logo03.jpg', '活著就是要玩，玩出自己的人生！\n\n《FunLock活動創意社》成立於2013年，將原是網路解謎遊戲的密室逃脫搬到現實世界，推出第一代密室逃脫遊戲-「糖果屋脫出」，玩家必須在規定的時間內尋找關鍵線索 破解謎題，最終逃離房間。透過精心設計的機關，期許讓更多的玩家體驗到遊戲的樂趣！\n\n於2016年正名為《FunLock放樂工作室》', '2022-12-10 11:15:00', '2022-12-10 11:45:00'),
(4, '智慧獵人', 'apple0918', 'rs99qod5', '戴和宇', 'A111169799', '02-25337817', '台北市', '台北市中山區明水路581巷15號B1', '25.080331225681654', '121.55087715358181', 'apple0918@gmail.com', '10:00-22:00', '週四公休', 'https://www.wisdomhunter.me/?utm_source=EscapeBar&utm_medium=referral&utm_campaign=EscapeBarFirmPage', 'Logo04.jpg', '我們致力於將腦中的故事情境，無論是歡樂、溫馨或是驚悚、刺激，還是糾結、痛心的劇情，都能夠以電影般的特效呈現，在設計中不斷挑戰自己，期待能夠在每一款遊戲中創造出更多種不同的可能性。\n\n也期望每一位玩家不僅是因為遊戲體驗能夠笑著離開，更會因為智慧獵人每一位獨特的說書者「透明人」感到記憶深刻。', '2022-12-10 13:20:20', '2022-12-12 11:10:00'),
(5, '神不在場實境遊戲', 'bssardino123', 'q98069a1', '謝文中', 'J108310904', '02-25337817', '台北市', '台北市中山區明水路581巷15號B1', '25.08029235663239', '121.55099517076887', 'bssardino123@gmail.com', '13:00-22:00', '週四公休', 'https://www.taog-game.com/?utm_source=EscapeBar&utm_medium=referral&utm_campaign=EscapeBarFirmPage', 'Logo05.jpg', '關於神不在場實境遊戲\n我們是一群熱愛玩遊戲的人，所以也想能做出好玩的遊戲讓大家玩！\n\n於是開始致力創作有趣的實境遊戲，並且多方嘗試設計新型態的實體遊戲體驗。\n\n我們期待能在這科技發達、虛擬世界蓬勃的世代，\n\n能讓人與人之間的連結彼此貼近、與實體空間的互動更加緊密。', '2022-12-11 09:10:00', '2022-12-12 11:10:00'),
(6, 'LoGin密室逃脫', 'LoGin', 'jaxim292t', '蔡築萱', 'T205679577', '02-28404406', '新北市', '新北市中和區連城路52號4樓', '25.001960277887516', '121.49803936892148', 'login@gmail.com', '10:00-22:00', '', 'https://loginescape.com.tw/?utm_source=EscapeBar&utm_medium=referral&utm_campaign=EscapeBarFirmPage', 'Logo06.jpg', '用初心琢磨每一處細節的密室逃脫團隊－LoGin 登入工作室', '2022-12-12 11:10:00', '2022-12-12 11:10:00'),
(7, '邏思起子實境遊戲工作室', 'batra0423', 'dtaod4gg', '許唯鴻', 'A139546829', '02-54988799', '台北市', '台北市松山區南京東路五段66巷12弄10號', '25.050664080150586', '121.5601859535815', 'batra0423@gmail.com', '10:00-21:00', '', 'https://rostartgames.com/?utm_source=EscapeBar&utm_medium=referral&utm_campaign=EscapeBarFirmPage', 'Logo07.jpg', '我們是一群熱血的年輕人，充滿著對這個世界的奇思妙想。\n現在我們成立『邏思起子』\n希望把我們對生活中覺得有趣、酷炫的idea一點一滴的實現出來。\n如同一個簡單的羅賴把配上螺絲釘可以組裝起一間夢想城堡。\n在這個夢想空間中 我們想與玩家一起分享我們的創意、快樂與感動。\n因為你們的快樂就是我們的快樂', '2022-12-11 11:30:00', '2022-12-12 11:10:00'),
(8, '玩笑實驗室', 'dfef488151', 'lsvzxvb5ip', '廖怡昀', 'X222022725', '02-26598383', '台北市', '台北市內湖區內湖路一段136號1樓 ', '25.082898342321037', '121.5639753400874', 'dfef488151@gmail.com', '13:00-22:00', '', 'https://wanxiao.tw/?utm_source=EscapeBar&utm_medium=referral&utm_campaign=EscapeBarFirmPage', 'Logo08.png', '《玩笑》熱愛縝密設計活動\n從構思故事謎題、道具機關，雖然生產速度不快，\n但有自信帶給玩家有品質的體驗\n\n為什麼想開《玩笑》？\n因為做密室逃脫非常需要不斷地實驗與挑戰！\n我們打造的空間\n是能激發玩家想像力、團結力的益智活動\n我們的目標很簡單：讓玩家們跌！破！眼！鏡！\n瘋狂《玩》瘋狂《笑》', '2022-12-12 11:10:00', '2022-12-12 11:10:00'),
(9, '頂級豬排工作室', 'bobo567', 'oxju1091w', '鐘允逢', 'F145082662', '02-25332629', '台北市', '台北市萬華區康定路64號2樓/4樓/9樓', '25.042468746109485', '121.50227926892204', 'bobo567@gmail.com', '10:00-22:00', '', 'http://thekingpork.com/?action=index', 'Logo09.jpg', '頂級豬排遊戲工作室由一群熱愛遊戲的小夥伴組成，我們致力於形形色色各式各樣的主題，力求帶給來訪的玩家們新奇有趣的體驗。\n有些時候我們為了簡單的細節吵的不可開交；其他時候我們在腦力激盪後癱軟成一團，然後然後，在客人玩得開心露出笑容時在旁喜孜孜的唱跳著。\n繼續努力前進，希望大家會喜歡我們呈現的創意饗宴。', '2022-12-12 11:10:00', '2022-12-12 11:10:00'),
(10, 'Miss GAME', 'calderoni123', 'q4il773cd', '簡育凡', 'T141882185', '02-64063654', '台北市', '台北市中山區大直街9巷7弄4號1樓', '25.080966749535847', '121.54708598241714', 'calderoni123@gmail.com', '11:00-23:00', '', 'https://www.missgame.com.tw/?utm_source=EscapeBar&utm_medium=referral&utm_campaign=EscapeBarFirmPage', 'Logo10.jpg', 'Miss GAME(密室逃脫)自2013年暑假正式營運，係首度將密室逃脫依系列遊戲方式呈現之工作室，首創大型機關X故事情節X雙脫出！超越單純逃脫遊戲，更勝一場精采電影！\n\nMiss GAME期待透過每次的遊戲，不只讓玩家享受愉快的遊戲過程，更能帶走一個獨特的故事，並能傳遞正向並溫暖的訊息給每一位參與的人。', '2022-12-12 11:10:00', '2022-12-12 11:10:00'),
(11, '黑盒子工作室', 'horse0407', 'pluny80sd', '簡翔渝', 'W241691831', '04-22938533', '台中市', '台中市北區華美街二段236號B1', '24.170451302183917', '120.66704366891108', 'horse0407@gmail.com', '10:00-22:00', '週四公休', 'https://www.mindinblackbox.com/?utm_source=EscapeBar&utm_medium=referral&utm_campaign=EscapeBarFirmPage', 'Logo11.jpg', '挑戰固著思維/體驗全新故事/\n\n若人心是不可觸的黑盒子\n\n我們就是監製鑰匙的鎖匠\n\n為參與者打開黑色舞台的序幕\n\n讓人享受灰色腦細胞的衝突感', '2022-12-12 11:10:00', '2022-12-12 11:10:00'),
(12, '神話密室脫逃工坊', 'kioo84', 'ohnk3xnf3yk', '孫珮諠', 'K218275817', '04-22032113', '台中市', '台中市北區民權路559號4F ', '24.16192479567659', '120.67031205541667', 'kioo84@gmail.com', '13:00-21:00', '', 'https://www.facebook.com/MYTH.WorkingHouse/', 'Logo12.jpg', '\n準備好進入遠古神話的探險了嗎?\n傳說 宇宙初開，萬物復甦 人們口耳相傳的古老傳說 籠罩著神秘的色彩', '2022-12-12 11:10:00', '2022-12-12 11:10:00'),
(13, 'Escer異世客密室逃脫工作室', 'Escer67', 'j1e42hl52', '文智詳', 'B117851028', '04-91660236', '台中市', '台中市南區忠明南路758號4樓', '24.123339576274507', '120.65998755541614', 'escer67@gmail.com', '10:00-22:00', '週二公休', 'https://escer.com.tw/?utm_source=EscapeBar&utm_medium=referral&utm_campaign=EscapeBarFirmPage', 'Logo13.jpg', '以異世為名，希望大家可以暫時脫離現實，沉浸在想像的世界裡無法自拔\n說到逃脫，英文就會想到Escape，而縮寫正是ESC。以店名來講好像少了什麼，於是靈機一動，就在字尾加了er，變成了Escer-逃脫者，就這樣產生了自創詞，也正式成為我們的店名。而當初成立的宗旨就是希望可以讓玩家們享受我們精心設計的幻想世界裡，有種到了異世界的感覺，恰好Escer音譯聽起來很像異世客，跟我們的中心思想不謀而合!有種命運注定的感覺呢!', '2022-12-12 11:10:00', '2022-12-12 11:10:00'),
(14, '夢罟密室逃脫', 'dream', 'vf91yj0gt', '文婉玲', 'V231457021', '07-8621255', '高雄市', '高雄市三民區長明街311號', '22.63850530716717', '120.30412129772787', 'dream@gmail.com', '11:00-21:00', '', 'https://dreamcatcher311313.wixsite.com/mysite?utm_source=EscapeBar&utm_medium=referral&utm_campaign=EscapeBarFirmPage', 'Logo14.jpg', '夢罟，或稱捕夢網。\n捕夢網的用意為捕捉好夢，驅除壞夢。又有祈求平安帶來好運的意思。由三個喜愛密室逃脫的女孩子一點一滴的動手編織一個個美夢，期望將所有好夢帶給每個玩家。', '2022-12-12 11:10:00', '2022-12-12 11:10:00'),
(15, '說故事工作室', 'asdfg1234', 'k6h9bh', '呂雨晨', 'W230953017', '04-22953878', '台中市', '台中市北區山西路一段51號B1', '24.165661784390867', '120.67526478425178', 'asdfg1234@gmail.com', '13:00-22:00', '', 'https://www.facebook.com/SoGoodsStudio', 'Logo15.jpg', '一場密室逃脫就像一本故事書\nSo Goods 說故事工作室\n呈現許多精彩的故事\n邀請您踏入書本的奇幻世界中\n品味每一個時刻', '2022-12-12 11:10:00', '2022-12-12 11:10:00'),
(16, '夢遊王國', 'sleepgame', 'l3y405gtr', '趙芷汝', 'T219625612', '02-25529422', '台北市', '台北市大同區延平北路二段202號3樓', '25.058952952860135', '121.51138279520353', 'sleepgame@gmail.com', '10:00-21:00', '', 'https://dream94zz.com/?utm_source=EscapeBar&utm_medium=referral&utm_campaign=EscapeBarFirmPage', 'Logo16.jpg', '【夢遊王國 – 實境遊戲主題館】\n歡迎來到夢遊王國！\n在這裡，你可以體驗各式各樣的夢境；\n無論美夢惡夢，都將是無比真實的刺激冒險！', '2022-12-12 11:10:00', '2022-12-12 11:10:00'),
(17, '謎書狗工作室', 'doggame', 'vsj02spdv', '傅豐和', 'X157813009', '02-29069630', '台北市', '台北市長安東路二段215號5樓之8', '25.048399464176715', '121.54453282659257', 'doggame@gmail.com', '11:00-22:00', '', 'https://www.facebook.com/MSGO0501/', 'Logo17.jpeg', '密室GO~謎書狗工作室12/01(三)\n正式開始試營運，相關資訊持續更新\n體驗遊戲?', '2022-12-12 11:10:00', '2022-12-12 11:10:00'),
(18, 'Mystoto Escape Games 密室逃脫', 'Mystoto', 'qd69eu2ey', '金沅鋒', 'E106241297', '07-5369979', '高雄市', '高雄市苓雅區中華四路2號B1', '22.611934989279465', '120.30296054190352', 'mystoto@gmail.com', '15:00-22:00', '週一公休', 'https://www.mystotoescape.com/?utm_source=EscapeBar&utm_medium=referral&utm_campaign=EscapeBarFirmPage', 'Logo18.jpg', '精心設計邏輯性系列謎題，讓您完全進入遊戲劇情以及真實情境互動的遊戲體驗。', '2022-12-12 11:10:00', '2022-12-12 11:10:00'),
(19, '頭癮創意遊戲', 'backres', 'd02v1uh1', '朱士齊', 'J132518101', '02-20968056', '台北市', '台北市士林區文林路661巷39弄23號1樓 ', '25.100363599616387', '121.52232736892277', 'backres@gmail.com', '10:00-20:00', '', 'https://hddcncreatives.wixsite.com/hddcngames?utm_source=EscapeBar&utm_medium=referral&utm_campaign=EscapeBarFirmPage', 'Logo19.png', '密室逃脫遊戲為近幾年新興的實境團體益智遊戲，將您曾經在電腦上玩過的遊戲場景搬至現實生活當中，由您與好隊友們一起參加遊玩。\n遊戲過程將帶給您許多藉由分工合作、有效溝通、邏輯聯想而得到的成就感和體驗樂趣，和朋友與家人一起在五花八 門的遊戲場景當中過關斬將，在時間內一一解開每道謎題。將大家的智囊集結於一， 加上與大家同心協力，就會是成功逃脫的關鍵哦！', '2022-12-12 11:10:00', '2022-12-12 11:10:00'),
(20, 'A5 Studio-全員脫逃中', 'A5Studio', 'j99wdego3', '陳欣妘', 'O244931497', '03-4668702', '桃園市', '桃園市中壢區中北路2段434號8F', '24.9543892112486', '121.23318585542641', 'A5Studio@gmail.com', '13:00-22:00', '週二公休', 'https://booking.a5studio.com.tw/?utm_source=EscapeBar&utm_medium=referral&utm_campaign=EscapeBarFirmPage', 'Logo20.jpg', '桃園第一實境密室逃脫遊戲', '2022-12-12 11:10:00', '2022-12-12 11:10:00'),
(21, 'QhAt帽子烤密室工廠', 'qhat', 'lkcr4mh8f', '郭榕蔚', 'Z246514205', '02-25337817', '台北市', '台北市中山區明水路581巷15號B1', '25.080204901226463', '121.55095225542813', 'qhat0402@gmail.com', '13:00-22:00', '週四公休', 'https://qhatex.tw/?utm_source=EscapeBar&utm_medium=referral&utm_campaign=EscapeBarFirmPage', 'Logo21.png', '在沒有出口的密室不斷尋找線索\n解開前人留下的Questions，\n找出屬於你的Answer。\n\n善用你腦中的火焰，任何細節可能都是關鍵。\nQhAt帽子烤工廠，邀你一起烤出真相！！', '2022-12-12 11:10:00', '2022-12-12 11:10:00'),
(22, 'Escapeholics 密室逃脫 EPIC', 'escapeholics', 'j9r0xb', '周詩絜', 'J237263774', '03-5165187', '新竹市', '新竹市東區光復路2段200號2樓208號', '24.794271463782252 ', '121.00050745542451', 'escapeholics@gmail.com', '14:00-22:00', '', 'https://www.facebook.com/Escapeholics/', 'Logo22.jpg', 'Escapeholics // 讓你瘋狂上癮的密室逃脫 !\n密室逃脫Ｘ遊戲設計Ｘ活動策劃Ｘ跨界合作Ｘ遊戲行銷\n\n“小心、這是一個會讓人瘋狂上癮的遊戲！”\n2015年 10個熱愛密室逃脫的好友們，一起征戰了許多密室後，實在太想把他們對密室逃脫的癡迷傳教給世人，於是創立了 Escapeholics。', '2022-12-12 11:10:00', '2022-12-12 11:10:00'),
(23, '格林跳-真實密室遊戲', 'grimmgame', 'kugpi43ey', '柯慶文', 'U158549936', '03-2540305', '新竹市', '新竹市東區民權路62號', '24.806878061795842', '120.97630559775419', 'grimmgame@gmail.com', '13:00-22:00', '週一公休', 'https://www.grimmtell.com/?utm_source=EscapeBar&utm_medium=referral&utm_campaign=EscapeBarFirmPage', 'Logo23.jpg', '2013年一個偶然的契機，我們踏入了實境遊戲這個新冒出的產業，一群人在相聚之餘設計著不同遊戲，想讓更多人知道密室遊戲的魅力。\n2016年我們正式從原本的”台灣逃脫”改名為【格林跳】，確立了我們在這個產業中的風格定位。\n　\n?格林跳是什麼？想帶給玩家什麼樣的感覺？\n　\n【格林】代表了一個創作故事的團隊，【跳】既是「tell」也是「tale」的諧音，而【跳】則是遊戲的動作。\n【格林跳】這三個字是我們的核心目標：說故事的遊戲。\n\n?作為一個實境遊戲產業的業者，我們不斷在思考如何運用遊戲設計來影響社會，\n不談嚴肅', '2022-12-12 11:10:00', '2022-12-12 11:10:00'),
(24, '玩出計畫創意工作室', 'momata', 'pp1btnfcbb', '羅翔駿', 'E130380249', '07-5561140', '高雄市', '高雄市左營區忠貞街54號', '22.658573886646188', '120.3082521553986', 'momata@gmail.com', '10:00-21:00', '', 'https://onesplan.com.tw/?utm_source=EscapeBar&utm_medium=referral&utm_campaign=EscapeBarFirmPage', 'Logo24.jpeg', '沉浸式體驗｜密室脫逃｜桌上遊戲｜大型展場活動', '2022-12-12 11:10:00', '2022-12-12 11:10:00'),
(25, 'Througher 穿越者', 'Throughe', 'vfj06bvj', '包佑宇', 'H108755313', '02-29566636', '新北市', '新北市板橋區館前東路8號B1', '25.00719571481903', '121.45986829775674', 'Throughe@gmail.com', '13:00-22:00', '', 'https://througher.com.tw/?utm_source=EscapeBar&utm_medium=referral&utm_campaign=EscapeBarFirmPage', 'Logo25.jpg', 'Througher? ? ?穿越者 實境密室逃脫\n\n你有一天聽說，世上存在無數平行世界。\n而你，具備穿越到那些平行世界的資格。\n你會怎麼做？\n是優游平行世界當一個穿越者？\n是留在原來世界當一個普通人？\n何謂?Througher？\nThrough? 意思是?穿越?\n當你成功穿越時空，我們稱之為：?Througher穿越者\n\n歡迎來到?Througher?穿越者-實境密室逃脫', '2022-12-12 11:10:00', '2022-12-12 11:10:00'),
(26, '謀殺衛斯理工作室', 'wasele45', 'jr2u8jx9', '錢柔慧', 'U209634066', '03-4361246', '桃園市', '桃園市中壢區大仁一街5號', '24.954079184014425', '121.2429108265912', 'wasele45@gmail.com', '10:00-23:00', '', 'https://mwlarp.com/?utm_source=EscapeBar&utm_medium=referral&utm_campaign=EscapeBarFirmPage', 'Logo26.jpg', '2019年九月，一個創意有限卻富有執行力的團隊，憑藉著八年的桌遊店經營經驗、一顆熱愛劇本殺的赤子之心，在臺北市大同區成立「衛斯理探案館」，正式為臺灣劇本殺實體店家揭開序章。短短兩年，在全臺已經擁有三家分店（天祥館、中原館、明曜館）。\n\n　　自工作室成立以來，便流傳著一個都市傳說。據說2017年有一名衛姓少年參加桌遊店員工旅遊時，攜帶了一個無人知其名號的遊戲：「劇本殺」。兩天一夜的旅程結束後，那名衛姓少年瘋狂地邀請朋友前來體驗劇本殺，一時之間，桌遊店出現各式各樣穿越而來的人，有的身著長袍馬褂一開口便要分遺產', '2022-12-12 11:10:00', '2022-12-12 11:10:00'),
(27, 'Loop迴圈工作室', 'loopwhile', 'qvjj3hy', '莫凱謙', 'W121779823', '04-22937588', '台中市', '台中市北屯區文心路四段81號17樓', '24.17425416031284', '120.672626740076', 'loopwhile@gmail.com', '10:00-22:00', '', 'https://loopescape.com/?utm_source=EscapeBar&utm_medium=referral&utm_campaign=EscapeBarFirmPage', 'Logo27.jpg', '一群瘋密室逃脫的好友，\n有的期待機關，有的著重謎題，\n有的計較故事。\n我們將您帶入場景，\n用謎題讓你思考，\n用機關讓您驚艷，\n?佐故事讓您留戀。\n我們將帶給您前所未見的\n?逃脫成功快感。', '2022-12-12 11:10:00', '2022-12-12 11:10:00'),
(28, '謎鹿實境遊戲工作室', 'trsdfe55', 'r11k6lu93hm', '梁家昌', 'V106242118', '02-35045192', '新北市', '新北市永和區福和路297號B1', '25.007192814818403', '121.51656972659192', 'trsdfe55@gmail.com', '10:00-22:00', '', 'https://mysterymoosegame.wixsite.com/game?utm_source=EscapeBar&utm_medium=referral&utm_campaign=EscapeBarFirmPage', 'Logo28.jpg', '還記得在電腦前玩得密室逃脫遊戲嗎\n是否希望能親自感受有如電影裡的情境空間\n這次您能身歷其境\n透過逼真的場景重現\n絢麗的燈光效果與您意想不到的機關\n和您最好的朋友組隊前來\n展現您們的團隊合作力量\n在精心打造的實境空間裡\n解開一道又一道的謎題\n了解故事的真相\n成為故事裡的大英雄', '2022-12-12 11:10:00', '2022-12-12 11:10:00'),
(29, 'CANPASS密室逃脫', 'canpass', 'd24b9ay', '阮君妮', 'E229087337', '07-9107489', '高雄市', '高雄市苓雅區光華一路206號24F-1', '22.629118485158557', '120.31385404005759', 'canpass@gmail.com', '10:00-20:00', '', 'http://canpass.com.tw/?utm_source=EscapeBar&utm_medium=referral&utm_campaign=EscapeBarFirmPage', 'Logo29.jpg', '我們是Canpass密室逃脫工作室，我們希望帶給玩家一個有趣、刺激、新鮮的密室逃脫體驗，因此除了普通的鑰匙或是密碼鎖外，更致力於獨立開發新型的電子機關鎖。', '2022-12-12 11:10:00', '2022-12-12 11:10:00'),
(30, '1798真人實境遊戲', 'game1798', 'vu7uz53tf', '唐嘉鋒', 'V121777505', '07-5321798', '高雄市', '高雄市鹽埕區河西路103號B1F', '22.628228693977015', '120.28668351306862', 'game1798@gmail.com', '11:00-22:00', '', 'http://www.1798escape.com/?utm_source=EscapeBar&utm_medium=referral&utm_campaign=EscapeBarFirmPage', 'Logo30.jpeg', '1798諧音可轉譯出一起走吧的字音，我們非常著迷和伙伴面對謎題，解謎後的成就感及過程， 誠摯的希望這樣的遊戲體驗能夠和您分享，期待您也能和夥伴好友們，成功一起走到密室的最後。', '2022-12-12 11:10:00', '2022-12-12 11:10:00'),
(31, '4FunBase 創意基地 密室逃脫', '4FunBase', 'krr95iow', '胡皓宸', 'I218711437', '02-28721778', '台北市', '台北市大安區敦化南路一段295巷42號B1', '25.03537340480303', '121.55123988426259', '4FunBase@gmail.com', '11:00-22:00', '', 'https://4funbase.wixsite.com/realgame?utm_source=EscapeBar&utm_medium=referral&utm_campaign=EscapeBarFirmPage', 'Logo31.jpg', '4fun Base 致力於創造「有溫度」的真實互動遊戲，希望大家在追逐工作與生活的忙碌之餘，透過遊戲過程，能夠找回赤子之心，增進情誼，保持歡笑，與身邊的人創造特別的回憶。', '2022-12-12 11:10:00', '2022-12-12 11:10:00'),
(32, 'Limitless Escape Room 極限密室', 'Limitless', 'oon30661d', '崔婷媛', 'H253240930', '02-23676737', '台北市', '台北市汀洲路三段188號3樓之3', '25.01272003874721', '121.53477136892158', 'Limitless@gmail.com', '11:00-22:00', '', 'https://www.facebook.com/LimitlessEscapeRoom/', 'Logo32.jpg', '密室逃脫 (必須先預約)\n2個主題:\n[瞞天越獄] 團隊逃獄\n[搜索令] 驚悚偵探', '2022-12-12 11:10:00', '2022-12-12 11:10:00'),
(33, '貝爾豪斯工作室', 'fula78', 'koigibue', '詹亦忻', 'Q247245452', '02-22988287', '新北市', '新北市板橋區宏國路64巷4號', '25.03169952621432', '121.46922725542747', 'fula78@gmail.com', '10:00-21:00', '', 'https://www.facebook.com/bearhorse2014/', 'Logo33.jpg', '貝爾豪斯工作室專注於\n開發與傳統密室體驗不同的實境遊戲，\n並著重【解謎趣味】、【故事性】的開發設計，\n從生活中的深刻經驗取材，\n要給你最獨特的一段旅程！\n\n本工作室的主旨，\n就是「尋找謎與人的連結」，\n希望喜歡我們理念的朋友，\n用力按「讚」、「分享」，\n給我們前進的動力！', '2022-12-12 11:10:00', '2022-12-12 11:10:00'),
(34, '許多門實境解謎', 'qatama33', 'qam4507h', '馬儷蓉', 'E220731325', '07-5812073', '高雄市', '高雄市左營區站前北路1號3F', '22.687563982446225', '120.30679852656381', 'qatama33@gmail.com', '11:00-22:00', '', 'https://www.doorsss.com/?utm_source=EscapeBar&utm_medium=referral&utm_campaign=EscapeBarFirmPage', 'Logo34.jpg', '結合『實境解謎』+『團體動力』\n\n『許多門』從2013年11月開始\n\n已經設計過十多個完全不同風格的挑戰主題\n\n提供超過12萬人次以上的挑戰經驗！\n\n打造各種原創的情境和謎題，\n\n並結合多年團體動力的教學經驗，設計出新型態的創意溝通方式。\n\n精緻的佈置和遊戲內容，絕對讓挑戰者身歷其境，化身成為電影主角。', '2022-12-12 11:10:00', '2022-12-12 11:10:00'),
(35, '謎失工作室', 'dasdw8103', 'vxpzx3cjo', '劉銘漢', 'H119119814', '03-3408192', '桃園市', '桃園市平鎮區金陵路301號', '24.94366704018254', '121.22259305542629', 'dasdw8103@gmail.com', '11:00-22:00', '', 'https://www.facebook.com/profile.php?id=100064041674142', 'Logo35.jpg', '由熱愛密室逃脫的一群人合力打造??\n精緻的場景，讓你身歷其境絕無冷場??', '2022-12-12 11:10:00', '2022-12-12 11:10:00'),
(36, '純密室', 'puresecretroom', 'royx35q8hetc', '洪緯哲', 'H148046562', '03-4162115', '桃園市', '桃園市中壢區協同街95號1樓', '24.954890329627062', '121.2376266977562', 'puresecretroom@gmail.com', '13:00-22:00', '週二公休', 'https://www.facebook.com/chunsescaperoom', 'Logo36.jpeg', '這裡有一批很純的密室喔∼', '2022-12-12 11:10:00', '2022-12-12 11:10:00'),
(37, '胖胖工作室x密室逃脫 Fatmily', 'xoxo0808', 'sqx511atdr', '洪建寬', 'V122405044', '03-3553664', '桃園市', '桃園市中壢區新興路252號', '24.953944084014502', '121.22883032659142', 'xoxo0808@gmail.com', '10:00-22:00', '', 'https://www.fatmily.tw/?utm_source=EscapeBar&utm_medium=referral&utm_campaign=EscapeBarFirmPage', 'Logo37.jpg', '胖胖工作室致力於提供一個全新的空間，能讓更多的人感受獨一無二的密室逃脫體驗，並在過程中珍惜彼此的緣分\n\n我們誠摯的邀請您一同感受緣分的溫度 ??', '2022-12-12 11:10:00', '2022-12-12 11:10:00'),
(38, '爆炸先生密室逃脫工作室', 'kevin0205', 'pxp8drxm', '溫凱涵', 'M201547265', '07-2858226', '高雄市', '高雄市三民區建國三路46巷3號 ', '22.63847088735421', '120.30035245539827', 'kevin0205@gmail.com', '12:00-22:00', '', 'https://www.mr-bomb.com/?utm_source=EscapeBar&utm_medium=referral&utm_campaign=EscapeBarFirmPage', 'Logo38.jpg', '團隊發想初期是以想要給人們一種歡樂的氣氛為出發點，在團隊日朝夜想的爆炸先生就誕生了！\n在電腦、電視、手機幾乎佔據生活全部的一個時代\n工作室致力於創造一種人與人間最單純的互動。\n藉著遊戲，讓人們相聚\n藉著遊戲，讓人們面對面溝通\n藉著遊戲，讓人們互相協助\n藉著遊戲，讓人們找回人與人之間專屬的一種溫暖', '2022-12-12 11:10:00', '2022-12-12 11:10:00'),
(39, '藍色迴廊', 'penny2401', 'opshc0mn', '趙柏晨', 'C142737050', '02-21399716', '新北市', '新北市新莊區富國路59號2樓', '25.02616124086995', '121.41948066892198', 'penny2401@gmail.com', '10:00-21:00', '', 'https://hallway.com.tw/?utm_source=EscapeBar&utm_medium=referral&utm_campaign=EscapeBarFirmPage', 'Logo39.png', '藍色迴廊跨足密室逃脫與戶外實境解謎遊戲。\n我們有充足的設計經驗以及技術支援，能夠帶給玩家最貼近需求的遊戲體驗。\n\n我們關心每一個玩家的心情，用心服務每一位來玩的玩家。\n這也是為什麼開業三年多以來，數千人次的體驗，獲得玩家一致好評。\n\n因此，為了響應各位的期待，我們一直不斷的在研發新的遊戲與活動，請繼續給藍色迴廊更多的支持！', '2022-12-12 11:10:00', '2022-12-12 11:10:00'),
(40, '代達洛斯工作室', 'mike22', 'rui3ag1e', '羅文獻', 'F120128470', '03-4031482', '新竹市', '新竹市南大路241號3樓', '24.798853784087648', '120.97190515542437', 'mike222@gmail.com', '11:00-23:00', '每週三公休', 'https://www.facebook.com/profile.php?id=100075865605948', 'Logo40.png', '古希臘神話中代達洛斯在克里特島上建造了一座迷宮困住了牛頭人工作室取名代達洛斯取寓意建造迷宮的人讓密室逃脫不只是一款遊戲，更包含一個故事、一段回憶。', '2022-12-12 11:10:00', '2022-12-14 16:13:54');

--
-- 已傾印資料表的索引
--

--
-- 資料表索引 `admin`
--
ALTER TABLE `admin`
  ADD PRIMARY KEY (`sid`),
  ADD UNIQUE KEY `account` (`account`);

--
-- 資料表索引 `collect`
--
ALTER TABLE `collect`
  ADD PRIMARY KEY (`collectSid`);

--
-- 資料表索引 `comment`
--
ALTER TABLE `comment`
  ADD PRIMARY KEY (`sid`);

--
-- 資料表索引 `comment_liked`
--
ALTER TABLE `comment_liked`
  ADD PRIMARY KEY (`likedsid`);

--
-- 資料表索引 `comment_ordered`
--
ALTER TABLE `comment_ordered`
  ADD PRIMARY KEY (`order_sid`);

--
-- 資料表索引 `comment_replied`
--
ALTER TABLE `comment_replied`
  ADD PRIMARY KEY (`sid`);

--
-- 資料表索引 `discount`
--
ALTER TABLE `discount`
  ADD PRIMARY KEY (`discountSid`);

--
-- 資料表索引 `discount_detail`
--
ALTER TABLE `discount_detail`
  ADD PRIMARY KEY (`discountID`);

--
-- 資料表索引 `games`
--
ALTER TABLE `games`
  ADD PRIMARY KEY (`gamesSid`);

--
-- 資料表索引 `gamesdifficulty`
--
ALTER TABLE `gamesdifficulty`
  ADD PRIMARY KEY (`gamesDifficultySid`);

--
-- 資料表索引 `gamesfeature01`
--
ALTER TABLE `gamesfeature01`
  ADD PRIMARY KEY (`gamesFeatureSid`);

--
-- 資料表索引 `gamesfeature02`
--
ALTER TABLE `gamesfeature02`
  ADD PRIMARY KEY (`gamesFeatureSid`);

--
-- 資料表索引 `gamessort`
--
ALTER TABLE `gamessort`
  ADD PRIMARY KEY (`gamesSortSid`);

--
-- 資料表索引 `gamestime`
--
ALTER TABLE `gamestime`
  ADD PRIMARY KEY (`gamesTimeSid`);

--
-- 資料表索引 `member`
--
ALTER TABLE `member`
  ADD PRIMARY KEY (`membersid`),
  ADD UNIQUE KEY `memAccount` (`memAccount`),
  ADD UNIQUE KEY `memIdentity` (`memIdentity`),
  ADD UNIQUE KEY `memIdentity_2` (`memIdentity`),
  ADD UNIQUE KEY `memEmail` (`memEmail`);

--
-- 資料表索引 `membercaptcha`
--
ALTER TABLE `membercaptcha`
  ADD PRIMARY KEY (`memCaptchaSid`);

--
-- 資料表索引 `order_summary`
--
ALTER TABLE `order_summary`
  ADD PRIMARY KEY (`orderSid`);

--
-- 資料表索引 `payment_types`
--
ALTER TABLE `payment_types`
  ADD PRIMARY KEY (`paymentTypeSid`);

--
-- 資料表索引 `sessions`
--
ALTER TABLE `sessions`
  ADD PRIMARY KEY (`session_id`);

--
-- 資料表索引 `store`
--
ALTER TABLE `store`
  ADD PRIMARY KEY (`storeSid`);

--
-- 在傾印的資料表使用自動遞增(AUTO_INCREMENT)
--

--
-- 使用資料表自動遞增(AUTO_INCREMENT) `admin`
--
ALTER TABLE `admin`
  MODIFY `sid` int(11) NOT NULL AUTO_INCREMENT, AUTO_INCREMENT=2;

--
-- 使用資料表自動遞增(AUTO_INCREMENT) `collect`
--
ALTER TABLE `collect`
  MODIFY `collectSid` int(11) NOT NULL AUTO_INCREMENT COMMENT '收藏編號', AUTO_INCREMENT=24;

--
-- 使用資料表自動遞增(AUTO_INCREMENT) `comment`
--
ALTER TABLE `comment`
  MODIFY `sid` int(11) NOT NULL AUTO_INCREMENT, AUTO_INCREMENT=205;

--
-- 使用資料表自動遞增(AUTO_INCREMENT) `comment_liked`
--
ALTER TABLE `comment_liked`
  MODIFY `likedsid` int(255) NOT NULL AUTO_INCREMENT, AUTO_INCREMENT=259;

--
-- 使用資料表自動遞增(AUTO_INCREMENT) `comment_replied`
--
ALTER TABLE `comment_replied`
  MODIFY `sid` int(11) NOT NULL AUTO_INCREMENT, AUTO_INCREMENT=159;

--
-- 使用資料表自動遞增(AUTO_INCREMENT) `discount`
--
ALTER TABLE `discount`
  MODIFY `discountSid` int(11) NOT NULL AUTO_INCREMENT, AUTO_INCREMENT=304;

--
-- 使用資料表自動遞增(AUTO_INCREMENT) `discount_detail`
--
ALTER TABLE `discount_detail`
  MODIFY `discountID` int(11) NOT NULL AUTO_INCREMENT, AUTO_INCREMENT=25;

--
-- 使用資料表自動遞增(AUTO_INCREMENT) `games`
--
ALTER TABLE `games`
  MODIFY `gamesSid` int(11) NOT NULL AUTO_INCREMENT, AUTO_INCREMENT=237;

--
-- 使用資料表自動遞增(AUTO_INCREMENT) `gamesdifficulty`
--
ALTER TABLE `gamesdifficulty`
  MODIFY `gamesDifficultySid` int(11) NOT NULL AUTO_INCREMENT, AUTO_INCREMENT=9;

--
-- 使用資料表自動遞增(AUTO_INCREMENT) `gamesfeature01`
--
ALTER TABLE `gamesfeature01`
  MODIFY `gamesFeatureSid` int(11) NOT NULL AUTO_INCREMENT, AUTO_INCREMENT=29;

--
-- 使用資料表自動遞增(AUTO_INCREMENT) `gamesfeature02`
--
ALTER TABLE `gamesfeature02`
  MODIFY `gamesFeatureSid` int(11) NOT NULL AUTO_INCREMENT, AUTO_INCREMENT=29;

--
-- 使用資料表自動遞增(AUTO_INCREMENT) `gamessort`
--
ALTER TABLE `gamessort`
  MODIFY `gamesSortSid` int(11) NOT NULL AUTO_INCREMENT, AUTO_INCREMENT=124;

--
-- 使用資料表自動遞增(AUTO_INCREMENT) `gamestime`
--
ALTER TABLE `gamestime`
  MODIFY `gamesTimeSid` int(11) NOT NULL AUTO_INCREMENT, AUTO_INCREMENT=5;

--
-- 使用資料表自動遞增(AUTO_INCREMENT) `member`
--
ALTER TABLE `member`
  MODIFY `membersid` int(11) NOT NULL AUTO_INCREMENT COMMENT '會員sid', AUTO_INCREMENT=370;

--
-- 使用資料表自動遞增(AUTO_INCREMENT) `membercaptcha`
--
ALTER TABLE `membercaptcha`
  MODIFY `memCaptchaSid` int(11) NOT NULL AUTO_INCREMENT COMMENT '會員驗證碼AI', AUTO_INCREMENT=2;

--
-- 使用資料表自動遞增(AUTO_INCREMENT) `order_summary`
--
ALTER TABLE `order_summary`
  MODIFY `orderSid` int(255) NOT NULL AUTO_INCREMENT, AUTO_INCREMENT=2147483648;

--
-- 使用資料表自動遞增(AUTO_INCREMENT) `payment_types`
--
ALTER TABLE `payment_types`
  MODIFY `paymentTypeSid` int(11) NOT NULL AUTO_INCREMENT, AUTO_INCREMENT=2;

--
-- 使用資料表自動遞增(AUTO_INCREMENT) `store`
--
ALTER TABLE `store`
  MODIFY `storeSid` int(11) NOT NULL AUTO_INCREMENT COMMENT '工作室編號', AUTO_INCREMENT=70;
COMMIT;

/*!40101 SET CHARACTER_SET_CLIENT=@OLD_CHARACTER_SET_CLIENT */;
/*!40101 SET CHARACTER_SET_RESULTS=@OLD_CHARACTER_SET_RESULTS */;
/*!40101 SET COLLATION_CONNECTION=@OLD_COLLATION_CONNECTION */;
